English,Español,Italiano,Japanese Kana,Japanese Romanji,Deutsch,Français,Korean Hangul,Korean Revised,Chinese Simplified,Chinese Traditional,Hong Kong
Bulbasaur,Bulbasaur,Bulbasaur,フシギダネ,Fushigidane,Bisasam,Bulbizarre,이상해씨,Isanghaessi,妙蛙种子,妙蛙種子,奇異種子
Ivysaur,Ivysaur,Ivysaur,フシギソウ,Fushigisou,Bisaknosp,Herbizarre,이상해풀,Isanghaepul,妙蛙草,妙蛙草,奇異草
Venusaur,Venusaur,Venusaur,フシギバナ,Fushigibana,Bisaflor,Florizarre,이상해꽃,Isanghaekkot,妙蛙花,妙蛙花,奇異花
Charmander,Charmander,Charmander,ヒトカゲ,Hitokage,Glumanda,Salamèche,파이리,Pairi,小火龙,小火龍,小火龍
Charmeleon,Charmeleon,Charmeleon,リザード,Lizardo,Glutexo,Reptincel,리자드,Rijadeu,火恐龙,火恐龍,火恐龍
Charizard,Charizard,Charizard,リザードン,Lizardon,Glurak,Dracaufeu,리자몽,Rijamong,喷火龙,噴火龍,噴火龍
Squirtle,Squirtle,Squirtle,ゼニガメ,Zenigame,Schiggy,Carapuce,꼬부기,Kkobugi,杰尼龟,傑尼龜,車厘龜
Wartortle,Wartortle,Wartortle,カメール,Kameil,Schillok,Carabaffe,어니부기,Eonibugi,卡咪龟,卡咪龜,卡美龜
Blastoise,Blastoise,Blastoise,カメックス,Kamex,Turtok,Tortank,거북왕,Geobugwang,水箭龟,水箭龜,水箭龜
Caterpie,Caterpie,Caterpie,キャタピー,Caterpie,Raupy,Chenipan,캐터피,Kaeteopi,绿毛虫,綠毛蟲,綠毛蟲
Metapod,Metapod,Metapod,トランセル,Transel,Safcon,Chrysacier,단데기,Dandegi,铁甲蛹,鐵甲蛹,鐵甲蟲
Butterfree,Butterfree,Butterfree,バタフリー,Butterfree,Smettbo,Papilusion,버터플,Beoteopeul,巴大蝶,巴大蝶,巴他蝶
Weedle,Weedle,Weedle,ビードル,Beedle,Hornliu,Aspicot,뿔충이,Ppulchungi,独角虫,獨角蟲,獨角蟲
Kakuna,Kakuna,Kakuna,コクーン,Cocoon,Kokuna,Coconfort,딱충이,Ttakchungi,铁壳蛹,鐵殼蛹,鐵殼蛹
Beedrill,Beedrill,Beedrill,スピアー,Spear,Bibor,Dardargnan,독침붕,Dokchimbung,大针蜂,大針蜂,大針蜂
Pidgey,Pidgey,Pidgey,ポッポ,Poppo,Taubsi,Roucool,구구,Gugu,波波,波波,波波
Pidgeotto,Pidgeotto,Pidgeotto,ピジョン,Pigeon,Tauboga,Roucoups,피죤,Pijyon,比比鸟,比比鳥,比比鳥
Pidgeot,Pidgeot,Pidgeot,ピジョット,Pigeot,Tauboss,Roucarnage,피죤투,Pijyontu,大比鸟,大比鳥,大比鳥
Rattata,Rattata,Rattata,コラッタ,Koratta,Rattfratz,Rattata,꼬렛,Kkoret,小拉达,小拉達,小哥達
Raticate,Raticate,Raticate,ラッタ,Ratta,Rattikarl,Rattatac,레트라,Reteura,拉达,拉達,哥達
Spearow,Spearow,Spearow,オニスズメ,Onisuzume,Habitak,Piafabec,깨비참,Kkaebicham,烈雀,烈雀,鬼雀
Fearow,Fearow,Fearow,オニドリル,Onidrill,Ibitak,Rapasdepic,깨비드릴조,Kkaebideuriljo,大嘴雀,大嘴雀,魔雀
Ekans,Ekans,Ekans,アーボ,Arbo,Rettan,Abo,아보,Abo,阿柏蛇,阿柏蛇,阿柏蛇
Arbok,Arbok,Arbok,アーボック,Arbok,Arbok,Arbok,아보크,Abokeu,阿柏怪,阿柏怪,阿柏怪
Pikachu,Pikachu,Pikachu,ピカチュウ,Pikachu,Pikachu,Pikachu,피카츄,Pikachyu,皮卡丘,皮卡丘,比卡超
Raichu,Raichu,Raichu,ライチュウ,Raichu,Raichu,Raichu,라이츄,Raichyu,雷丘,雷丘,雷超
Sandshrew,Sandshrew,Sandshrew,サンド,Sand,Sandan,Sabelette,모래두지,Moraeduji,穿山鼠,穿山鼠,穿山鼠
Sandslash,Sandslash,Sandslash,サンドパン,Sandpan,Sandamer,Sablaireau,고지,Goji,穿山王,穿山王,穿山王
Nidoran♀,Nidoran♀,Nidoran♀,ニドラン♀,Nidoran♀,Nidoran♀,Nidoran♀,니드런♀,Nideureonamkeot,尼多兰,尼多蘭,尼美蘭
Nidorina,Nidorina,Nidorina,ニドリーナ,Nidorina,Nidorina,Nidorina,니드리나,Nideurina,尼多娜,尼多娜,尼美羅
Nidoqueen,Nidoqueen,Nidoqueen,ニドクイン,Nidoqueen,Nidoqueen,Nidoqueen,니드퀸,Nideukwin,尼多后,尼多后,尼美后
Nidoran♂,Nidoran♂,Nidoran♂,ニドラン♂,Nidoran♂,Nidoran♂,Nidoran♂,니드런♂,Nideureonsukeot,尼多朗,尼多朗,尼多郎
Nidorino,Nidorino,Nidorino,ニドリーノ,Nidorino,Nidorino,Nidorino,니드리노,Nideurino,尼多力诺,尼多力諾,尼多利
Nidoking,Nidoking,Nidoking,ニドキング,Nidoking,Nidoking,Nidoking,니드킹,Nideuking,尼多王,尼多王,尼多王
Clefairy,Clefairy,Clefairy,ピッピ,Pippi,Piepi,Mélofée,삐삐,Ppippi,皮皮,皮皮,皮皮
Clefable,Clefable,Clefable,ピクシー,Pixy,Pixi,Mélodelfe,픽시,Piksi,皮可西,皮可西,皮可斯
Vulpix,Vulpix,Vulpix,ロコン,Rokon,Vulpix,Goupix,식스테일,Sikseuteil,六尾,六尾,六尾
Ninetales,Ninetales,Ninetales,キュウコン,Kyukon,Vulnona,Feunard,나인테일,Nainteil,九尾,九尾,九尾
Jigglypuff,Jigglypuff,Jigglypuff,プリン,Purin,Pummeluff,Rondoudou,푸린,Purin,胖丁,胖丁,波波球
Wigglytuff,Wigglytuff,Wigglytuff,プクリン,Pukurin,Knuddeluff,Grodoudou,푸크린,Pukeurin,胖可丁,胖可丁,肥波球
Zubat,Zubat,Zubat,ズバット,Zubat,Zubat,Nosferapti,주뱃,Jubaet,超音蝠,超音蝠,波音蝠
Golbat,Golbat,Golbat,ゴルバット,Golbat,Golbat,Nosferalto,골뱃,Golbaet,大嘴蝠,大嘴蝠,大口蝠
Oddish,Oddish,Oddish,ナゾノクサ,Nazonokusa,Myrapla,Mystherbe,뚜벅쵸,Ttubeokchyo,走路草,走路草,行路草
Gloom,Gloom,Gloom,クサイハナ,Kusaihana,Duflor,Ortide,냄새꼬,Naemsaekko,臭臭花,臭臭花,怪味花
Vileplume,Vileplume,Vileplume,ラフレシア,Ruffresia,Giflor,Rafflesia,라플레시아,Rapeullesia,霸王花,霸王花,霸王花
Paras,Paras,Paras,パラス,Paras,Paras,Paras,파라스,Paraseu,派拉斯,派拉斯,蘑菇蟲
Parasect,Parasect,Parasect,パラセクト,Parasect,Parasek,Parasect,파라섹트,Parasekteu,派拉斯特,派拉斯特,巨菇蟲
Venonat,Venonat,Venonat,コンパン,Kongpang,Bluzuk,Mimitoss,콘팡,Konpang,毛球,毛球,毛毛蟲
Venomoth,Venomoth,Venomoth,モルフォン,Morphon,Omot,Aéromite,도나리,Donari,摩鲁蛾,摩魯蛾,魔魯風
Diglett,Diglett,Diglett,ディグダ,Digda,Digda,Taupiqueur,디그다,Digeuda,地鼠,地鼠,地鼠
Dugtrio,Dugtrio,Dugtrio,ダグトリオ,Dugtrio,Digdri,Triopikeur,닥트리오,Dakteurio,三地鼠,三地鼠,三頭地鼠
Meowth,Meowth,Meowth,ニャース,Nyarth,Mauzi,Miaouss,나옹,Naong,喵喵,喵喵,喵喵怪
Persian,Persian,Persian,ペルシアン,Persian,Snobilikat,Persian,페르시온,Pereusion,猫老大,貓老大,高竇貓
Psyduck,Psyduck,Psyduck,コダック,Koduck,Enton,Psykokwak,고라파덕,Gorapadeok,可达鸭,可達鴨,傻鴨
Golduck,Golduck,Golduck,ゴルダック,Golduck,Entoron,Akwakwak,골덕,Goldeok,哥达鸭,哥達鴨,高超鴨
Mankey,Mankey,Mankey,マンキー,Mankey,Menki,Férosinge,망키,Mangki,猴怪,猴怪,猴怪
Primeape,Primeape,Primeape,オコリザル,Okorizaru,Rasaff,Colossinge,성원숭,Seongwonsung,火暴猴,火爆猴,火爆猴
Growlithe,Growlithe,Growlithe,ガーディ,Gardie,Fukano,Caninos,가디,Gadi,卡蒂狗,卡蒂狗,護主犬
Arcanine,Arcanine,Arcanine,ウインディ,Windie,Arkani,Arcanin,윈디,Windi,风速狗,風速狗,奉神犬
Poliwag,Poliwag,Poliwag,ニョロモ,Nyoromo,Quapsel,Ptitard,발챙이,Balchaengi,蚊香蝌蚪,蚊香蝌蚪,蚊香蝌蚪
Poliwhirl,Poliwhirl,Poliwhirl,ニョロゾ,Nyorozo,Quaputzi,Têtarte,슈륙챙이,Syuryukchaengi,蚊香君,蚊香君,蚊香蛙
Poliwrath,Poliwrath,Poliwrath,ニョロボン,Nyorobon,Quappo,Tartard,강챙이,Gangchaengi,蚊香泳士,蚊香泳士,大力蛙
Abra,Abra,Abra,ケーシィ,Casey,Abra,Abra,캐이시,Kaeisi,凯西,凱西,卡斯
Kadabra,Kadabra,Kadabra,ユンゲラー,Yungerer,Kadabra,Kadabra,윤겔라,Yungella,勇基拉,勇基拉,尤基納
Alakazam,Alakazam,Alakazam,フーディン,Foodin,Simsala,Alakazam,후딘,Hudin,胡地,胡地,富迪
Machop,Machop,Machop,ワンリキー,Wanriky,Machollo,Machoc,알통몬,Altongmon,腕力,腕力,鐵腕
Machoke,Machoke,Machoke,ゴーリキー,Goriky,Maschock,Machopeur,근육몬,Geunyungmon,豪力,豪力,大力
Machamp,Machamp,Machamp,カイリキー,Kairiky,Machomei,Mackogneur,괴력몬,Goeryeongmon,怪力,怪力,怪力
Bellsprout,Bellsprout,Bellsprout,マダツボミ,Madatsubomi,Knofensa,Chétiflor,모다피,Modapi,喇叭芽,喇叭芽,喇叭芽
Weepinbell,Weepinbell,Weepinbell,ウツドン,Utsudon,Ultrigaria,Boustiflor,우츠동,Ucheudong,口呆花,口呆花,口呆花
Victreebel,Victreebel,Victreebel,ウツボット,Utsubot,Sarzenia,Empiflor,우츠보트,Ucheuboteu,大食花,大食花,大食花
Tentacool,Tentacool,Tentacool,メノクラゲ,Menokurage,Tentacha,Tentacool,왕눈해,Wangnunhae,玛瑙水母,瑪瑙水母,大眼水母
Tentacruel,Tentacruel,Tentacruel,ドククラゲ,Dokukurage,Tentoxa,Tentacruel,독파리,Dokpari,毒刺水母,毒刺水母,多腳水母
Geodude,Geodude,Geodude,イシツブテ,Isitsubute,Kleinstein,Racaillou,꼬마돌,Kkomadol,小拳石,小拳石,小拳石
Graveler,Graveler,Graveler,ゴローン,Golone,Georok,Gravalanch,데구리,Deguri,隆隆石,隆隆石,滾動石
Golem,Golem,Golem,ゴローニャ,Golonya,Geowaz,Grolem,딱구리,Ttakguri,隆隆岩,隆隆岩,滾動岩
Ponyta,Ponyta,Ponyta,ポニータ,Ponyta,Ponita,Ponyta,포니타,Ponita,小火马,小火馬,小火馬
Rapidash,Rapidash,Rapidash,ギャロップ,Gallop,Gallopa,Galopa,날쌩마,Nalssaengma,烈焰马,烈焰馬,烈焰馬
Slowpoke,Slowpoke,Slowpoke,ヤドン,Yadon,Flegmon,Ramoloss,야돈,Yadon,呆呆兽,呆呆獸,小呆獸
Slowbro,Slowbro,Slowbro,ヤドラン,Yadoran,Lahmus,Flagadoss,야도란,Yadoran,呆壳兽,呆殼獸,大呆獸
Magnemite,Magnemite,Magnemite,コイル,Coil,Magnetilo,Magnéti,코일,Koil,小磁怪,小磁怪,小磁怪
Magneton,Magneton,Magneton,レアコイル,Rarecoil,Magneton,Magnéton,레어코일,Reeokoil,三合一磁怪,三合一磁怪,三合一磁怪
Farfetch'd,Farfetch'd,Farfetch'd,カモネギ,Kamonegi,Porenta,Canarticho,파오리,Paori,大葱鸭,大蔥鴨,火蔥鴨
Doduo,Doduo,Doduo,ドードー,Dodo,Dodu,Doduo,두두,Dudu,嘟嘟,嘟嘟,多多
Dodrio,Dodrio,Dodrio,ドードリオ,Dodorio,Dodri,Dodrio,두트리오,Duteurio,嘟嘟利,嘟嘟利,多多利
Seel,Seel,Seel,パウワウ,Pawou,Jurob,Otaria,쥬쥬,Jyujyu,小海狮,小海獅,小海獅
Dewgong,Dewgong,Dewgong,ジュゴン,Jugon,Jugong,Lamantine,쥬레곤,Jyuregon,白海狮,白海獅,白海獅
Grimer,Grimer,Grimer,ベトベター,Betbeter,Sleima,Tadmorv,질퍽이,Jilpeogi,臭泥,臭泥,爛泥怪
Muk,Muk,Muk,ベトベトン,Betbeton,Sleimok,Grotadmorv,질뻐기,Jilppeogi,臭臭泥,臭臭泥,爛泥獸
Shellder,Shellder,Shellder,シェルダー,Shellder,Muschas,Kokiyas,셀러,Selleo,大舌贝,大舌貝,貝殼怪
Cloyster,Cloyster,Cloyster,パルシェン,Parshen,Austos,Crustabri,파르셀,Pareusel,刺甲贝,刺甲貝,鐵甲貝
Gastly,Gastly,Gastly,ゴース,Ghos,Nebulak,Fantominus,고오스,Gooseu,鬼斯,鬼斯,鬼斯
Haunter,Haunter,Haunter,ゴースト,Ghost,Alpollo,Spectrum,고우스트,Gouseuteu,鬼斯通,鬼斯通,鬼斯通
Gengar,Gengar,Gengar,ゲンガー,Gangar,Gengar,Ectoplasma,팬텀,Paenteom,耿鬼,耿鬼,耿鬼
Onix,Onix,Onix,イワーク,Iwark,Onix,Onix,롱스톤,Rongseuton,大岩蛇,大岩蛇,大岩蛇
Drowzee,Drowzee,Drowzee,スリープ,Sleepe,Traumato,Soporifik,슬리프,Seullipeu,催眠貘,催眠貘,食夢獸
Hypno,Hypno,Hypno,スリーパー,Sleeper,Hypno,Hypnomade,슬리퍼,Seullipeo,引梦貘人,引夢貘人,催眠獸
Krabby,Krabby,Krabby,クラブ,Crab,Krabby,Krabby,크랩,Keuraep,大钳蟹,大鉗蟹,大鉗蟹
Kingler,Kingler,Kingler,キングラー,Kingler,Kingler,Krabboss,킹크랩,Kingkeuraep,巨钳蟹,巨鉗蟹,巨鉗蟹
Voltorb,Voltorb,Voltorb,ビリリダマ,Biriridama,Voltobal,Voltorbe,찌리리공,Jjiririgong,霹雳电球,霹靂電球,霹靂蛋
Electrode,Electrode,Electrode,マルマイン,Marumine,Lektrobal,Électrode,붐볼,Bumbol,顽皮雷弹,頑皮雷彈,雷霆蛋
Exeggcute,Exeggcute,Exeggcute,タマタマ,Tamatama,Owei,Noeunoeuf,아라리,Arari,蛋蛋,蛋蛋,蛋蛋
Exeggutor,Exeggutor,Exeggutor,ナッシー,Nassy,Kokowei,Noadkoko,나시,Nasi,椰蛋树,椰蛋樹,椰樹獸
Cubone,Cubone,Cubone,カラカラ,Karakara,Tragosso,Osselait,탕구리,Tangguri,卡拉卡拉,卡拉卡拉,卡拉卡拉
Marowak,Marowak,Marowak,ガラガラ,Garagara,Knogga,Ossatueur,텅구리,Teongguri,嘎啦嘎啦,嘎啦嘎啦,格拉格拉
Hitmonlee,Hitmonlee,Hitmonlee,サワムラー,Sawamular,Kicklee,Kicklee,시라소몬,Sirasomon,飞腿郎,飛腿郎,沙古拉
Hitmonchan,Hitmonchan,Hitmonchan,エビワラー,Ebiwalar,Nockchan,Tygnon,홍수몬,Hongsumon,快拳郎,快拳郎,比華拉
Lickitung,Lickitung,Lickitung,ベロリンガ,Beroringa,Schlurp,Excelangue,내루미,Naerumi,大舌头,大舌頭,大舌頭
Koffing,Koffing,Koffing,ドガース,Dogars,Smogon,Smogo,또가스,Ttogaseu,瓦斯弹,瓦斯彈,毒氣丸
Weezing,Weezing,Weezing,マタドガス,Matadogas,Smogmog,Smogogo,또도가스,Ttodogaseu,双弹瓦斯,雙彈瓦斯,毒氣雙子
Rhyhorn,Rhyhorn,Rhyhorn,サイホーン,Sihorn,Rihorn,Rhinocorne,뿔카노,Ppulkano,独角犀牛,獨角犀牛,鐵甲犀牛
Rhydon,Rhydon,Rhydon,サイドン,Sidon,Rizeros,Rhinoféros,코뿌리,Koppuri,钻角犀兽,鑽角犀獸,鐵甲暴龍
Chansey,Chansey,Chansey,ラッキー,Lucky,Chaneira,Leveinard,럭키,Reokki,吉利蛋,吉利蛋,吉利蛋
Tangela,Tangela,Tangela,モンジャラ,Monjara,Tangela,Saquedeneu,덩쿠리,Deongkuri,蔓藤怪,蔓藤怪,長藤怪
Kangaskhan,Kangaskhan,Kangaskhan,ガルーラ,Garura,Kangama,Kangourex,캥카,Kaengka,袋兽,袋獸,袋獸
Horsea,Horsea,Horsea,タッツー,Tattu,Seeper,Hypotrempe,쏘드라,Ssodeura,墨海马,墨海馬,噴墨海馬
Seadra,Seadra,Seadra,シードラ,Seadra,Seemon,Hypocéan,시드라,Sideura,海刺龙,海刺龍,飛刺海馬
Goldeen,Goldeen,Goldeen,トサキント,Tosakinto,Goldini,Poissirène,콘치,Konchi,角金鱼,角金魚,獨角金魚
Seaking,Seaking,Seaking,アズマオウ,Azumao,Golking,Poissoroy,왕콘치,Wangkonchi,金鱼王,金魚王,金魚王
Staryu,Staryu,Staryu,ヒトデマン,Hitodeman,Sterndu,Stari,별가사리,Byeolgasari,海星星,海星星,海星星
Starmie,Starmie,Starmie,スターミー,Starmie,Starmie,Staross,아쿠스타,Akuseuta,宝石海星,寶石海星,寶石海星
Mr. Mime,Mr. Mime,Mr. Mime,バリヤード,Barrierd,Pantimos,M. Mime,마임맨,Maimmaen,魔墙人偶,魔牆人偶,吸盤小丑
Scyther,Scyther,Scyther,ストライク,Strike,Sichlor,Insécateur,스라크,Seurakeu,飞天螳螂,飛天螳螂,飛天螳螂
Jynx,Jynx,Jynx,ルージュラ,Rougela,Rossana,Lippoutou,루주라,Rujura,迷唇姐,迷唇姐,紅唇娃
Electabuzz,Electabuzz,Electabuzz,エレブー,Eleboo,Elektek,Élektek,에레브,Erebeu,电击兽,電擊獸,電擊獸
Magmar,Magmar,Magmar,ブーバー,Boober,Magmar,Magmar,마그마,Mageuma,鸭嘴火兽,鴨嘴火獸,鴨嘴火龍
Pinsir,Pinsir,Pinsir,カイロス,Kailios,Pinsir,Scarabrute,쁘사이저,Ppeusaijeo,凯罗斯,凱羅斯,鉗刀甲蟲
Tauros,Tauros,Tauros,ケンタロス,Kentauros,Tauros,Tauros,켄타로스,Kentaroseu,肯泰罗,肯泰羅,大隻牛
Magikarp,Magikarp,Magikarp,コイキング,Koiking,Karpador,Magicarpe,잉어킹,Ingeoking,鲤鱼王,鯉魚王,鯉魚王
Gyarados,Gyarados,Gyarados,ギャラドス,Gyarados,Garados,Léviator,갸라도스,Gyaradoseu,暴鲤龙,暴鯉龍,鯉魚龍
Lapras,Lapras,Lapras,ラプラス,Laplace,Lapras,Lokhlass,라프라스,Rapeuraseu,拉普拉斯,拉普拉斯,背背龍
Ditto,Ditto,Ditto,メタモン,Metamon,Ditto,Métamorph,메타몽,Metamong,百变怪,百變怪,百變怪
Eevee,Eevee,Eevee,イーブイ,Eievui,Evoli,Évoli,이브이,Ibeui,伊布,伊布,伊貝
Vaporeon,Vaporeon,Vaporeon,シャワーズ,Showers,Aquana,Aquali,샤미드,Syamideu,水伊布,水伊布,水伊貝
Jolteon,Jolteon,Jolteon,サンダース,Thunders,Blitza,Voltali,쥬피썬더,Jyupisseondeo,雷伊布,雷伊布,雷伊貝
Flareon,Flareon,Flareon,ブースター,Booster,Flamara,Pyroli,부스터,Buseuteo,火伊布,火伊布,火伊貝
Porygon,Porygon,Porygon,ポリゴン,Porygon,Porygon,Porygon,폴리곤,Polligon,多边兽,多邊獸,立方獸
Omanyte,Omanyte,Omanyte,オムナイト,Omnite,Amonitas,Amonita,암나이트,Amnaiteu,菊石兽,菊石獸,菊石獸
Omastar,Omastar,Omastar,オムスター,Omstar,Amoroso,Amonistar,암스타,Amseuta,多刺菊石兽,多刺菊石獸,多刺菊石獸
Kabuto,Kabuto,Kabuto,カブト,Kabuto,Kabuto,Kabuto,투구,Tugu,化石盔,化石盔,萬年蟲
Kabutops,Kabutops,Kabutops,カブトプス,Kabutops,Kabutops,Kabutops,투구푸스,Tugupuseu,镰刀盔,鐮刀盔,鐮刀蟲
Aerodactyl,Aerodactyl,Aerodactyl,プテラ,Ptera,Aerodactyl,Ptéra,프테라,Peutera,化石翼龙,化石翼龍,化石飛龍
Snorlax,Snorlax,Snorlax,カビゴン,Kabigon,Relaxo,Ronflex,잠만보,Jammanbo,卡比兽,卡比獸,卡比獸
Articuno,Articuno,Articuno,フリーザー,Freezer,Arktos,Artikodin,프리져,Peurijyeo,急冻鸟,急凍鳥,急凍鳥
Zapdos,Zapdos,Zapdos,サンダー,Thunder,Zapdos,Électhor,썬더,Sseondeo,闪电鸟,閃電鳥,雷鳥
Moltres,Moltres,Moltres,ファイヤー,Fire,Lavados,Sulfura,파이어,Paieo,火焰鸟,火焰鳥,火鳥
Dratini,Dratini,Dratini,ミニリュウ,Miniryu,Dratini,Minidraco,미뇽,Minyong,迷你龙,迷你龍,迷你龍
Dragonair,Dragonair,Dragonair,ハクリュー,Hakuryu,Dragonir,Draco,신뇽,Sinnyong,哈克龙,哈克龍,哈古龍
Dragonite,Dragonite,Dragonite,カイリュー,Kairyu,Dragoran,Dracolosse,망나뇽,Mangnanyong,快龙,快龍,啟暴龍
Mewtwo,Mewtwo,Mewtwo,ミュウツー,Mewtwo,Mewtu,Mewtwo,뮤츠,Myucheu,超梦,超夢,超夢夢
Mew,Mew,Mew,ミュウ,Mew,Mew,Mew,뮤,Myu,梦幻,夢幻,夢夢
Chikorita,Chikorita,Chikorita,チコリータ,Chicorita,Endivie,Germignon,치코리타,Chikorita,菊草叶,菊草葉,菊草葉
Bayleef,Bayleef,Bayleef,ベイリーフ,Bayleaf,Lorblatt,Macronium,베이리프,Beiripeu,月桂叶,月桂葉,月桂葉
Meganium,Meganium,Meganium,メガニウム,Meganium,Meganie,Méganium,메가니움,Meganium,大竺葵,大竺葵,大竺葵
Cyndaquil,Cyndaquil,Cyndaquil,ヒノアラシ,Hinoarashi,Feurigel,Héricendre,브케인,Beukein,火球鼠,火球鼠,火球鼠
Quilava,Quilava,Quilava,マグマラシ,Magmarashi,Igelavar,Feurisson,마그케인,Mageukein,火岩鼠,火岩鼠,火岩鼠
Typhlosion,Typhlosion,Typhlosion,バクフーン,Bakphoon,Tornupto,Typhlosion,블레이범,Beulleibeom,火暴兽,火爆獸,火爆獸
Totodile,Totodile,Totodile,ワニノコ,Waninoko,Karnimani,Kaiminus,리아코,Riako,小锯鳄,小鋸鱷,小鋸鱷
Croconaw,Croconaw,Croconaw,アリゲイツ,Alligates,Tyracroc,Crocrodil,엘리게이,Elligei,蓝鳄,藍鱷,藍鱷
Feraligatr,Feraligatr,Feraligatr,オーダイル,Ordile,Impergator,Aligatueur,장크로다일,Jangkeurodail,大力鳄,大力鱷,大力鱷
Sentret,Sentret,Sentret,オタチ,Otachi,Wiesor,Fouinette,꼬리선,Kkoriseon,尾立,尾立,尾立
Furret,Furret,Furret,オオタチ,Ootachi,Wiesenior,Fouinar,다꼬리,Dakkori,大尾立,大尾立,大尾立
Hoothoot,Hoothoot,Hoothoot,ホーホー,Hoho,Hoothoot,Hoothoot,부우부,Buubu,咕咕,咕咕,咕咕
Noctowl,Noctowl,Noctowl,ヨルノズク,Yorunozuku,Noctuh,Noarfang,야부엉,Yabueong,猫头夜鹰,貓頭夜鷹,貓頭夜鷹
Ledyba,Ledyba,Ledyba,レディバ,Rediba,Ledyba,Coxy,레디바,Rediba,芭瓢虫,芭瓢蟲,芭瓢蟲
Ledian,Ledian,Ledian,レディアン,Redian,Ledian,Coxyclaque,레디안,Redian,安瓢虫,安瓢蟲,安瓢蟲
Spinarak,Spinarak,Spinarak,イトマル,Itomaru,Webarak,Mimigal,페이검,Peigeom,圆丝蛛,圓絲蛛,圓絲蛛
Ariados,Ariados,Ariados,アリアドス,Ariados,Ariados,Migalos,아리아도스,Ariadoseu,阿利多斯,阿利多斯,阿利多斯
Crobat,Crobat,Crobat,クロバット,Crobat,Iksbat,Nostenfer,크로뱃,Keurobaet,叉字蝠,叉字蝠,叉字蝠
Chinchou,Chinchou,Chinchou,チョンチー,Chonchie,Lampi,Loupio,초라기,Choragi,灯笼鱼,燈籠魚,燈籠魚
Lanturn,Lanturn,Lanturn,ランターン,Lantern,Lanturn,Lanturn,랜턴,Raenteon,电灯怪,電燈怪,電燈怪
Pichu,Pichu,Pichu,ピチュー,Pichu,Pichu,Pichu,피츄,Pichyu,皮丘,皮丘,皮丘
Cleffa,Cleffa,Cleffa,ピィ,Py,Pii,Mélo,삐,Ppi,皮宝宝,皮寶寶,皮寶寶
Igglybuff,Igglybuff,Igglybuff,ププリン,Pupurin,Fluffeluff,Toudoudou,푸푸린,Pupurin,宝宝丁,寶寶丁,寶寶丁
Togepi,Togepi,Togepi,トゲピー,Togepy,Togepi,Togepi,토게피,Togepi,波克比,波克比,波克比
Togetic,Togetic,Togetic,トゲチック,Togechick,Togetic,Togetic,토게틱,Togetik,波克基古,波克基古,波克基古
Natu,Natu,Natu,ネイティ,Naty,Natu,Natu,네이티,Neiti,天然雀,天然雀,天然雀
Xatu,Xatu,Xatu,ネイティオ,Natio,Xatu,Xatu,네이티오,Neitio,天然鸟,天然鳥,天然鳥
Mareep,Mareep,Mareep,メリープ,Merriep,Voltilamm,Wattouat,메리프,Meripeu,咩利羊,咩利羊,咩利羊
Flaaffy,Flaaffy,Flaaffy,モココ,Mokoko,Waaty,Lainergie,보송송,Bosongsong,茸茸羊,茸茸羊,茸茸羊
Ampharos,Ampharos,Ampharos,デンリュウ,Denryu,Ampharos,Pharamp,전룡,Jeonnyong,电龙,電龍,電龍
Bellossom,Bellossom,Bellossom,キレイハナ,Kireihana,Blubella,Joliflor,아르코,Areuko,美丽花,美麗花,美麗花
Marill,Marill,Marill,マリル,Maril,Marill,Marill,마릴,Maril,玛力露,瑪力露,瑪力露
Azumarill,Azumarill,Azumarill,マリルリ,Marilli,Azumarill,Azumarill,마릴리,Marilli,玛力露丽,瑪力露麗,瑪力露麗
Sudowoodo,Sudowoodo,Sudowoodo,ウソッキー,Usokkie,Mogelbaum,Simularbre,꼬지모,Kkojimo,树才怪,樹才怪,樹才怪
Politoed,Politoed,Politoed,ニョロトノ,Nyorotono,Quaxo,Tarpaud,왕구리,Wangguri,蚊香蛙皇,蚊香蛙皇,蚊香蛙皇
Hoppip,Hoppip,Hoppip,ハネッコ,Hanecco,Hoppspross,Granivol,통통코,Tongtongko,毽子草,毽子草,毽子草
Skiploom,Skiploom,Skiploom,ポポッコ,Popocco,Hubelupf,Floravol,두코,Duko,毽子花,毽子花,毽子花
Jumpluff,Jumpluff,Jumpluff,ワタッコ,Watacco,Papungha,Cotovol,솜솜코,Somsomko,毽子棉,毽子棉,毽子棉
Aipom,Aipom,Aipom,エイパム,Eipam,Griffel,Capumain,에이팜,Eipam,长尾怪手,長尾怪手,長尾怪手
Sunkern,Sunkern,Sunkern,ヒマナッツ,Himanuts,Sonnkern,Tournegrin,해너츠,Haeneocheu,向日种子,向日種子,向日種子
Sunflora,Sunflora,Sunflora,キマワリ,Kimawari,Sonnflora,Héliatronc,해루미,Haerumi,向日花怪,向日花怪,向日花怪
Yanma,Yanma,Yanma,ヤンヤンマ,Yanyanma,Yanma,Yanma,왕자리,Wangjari,蜻蜻蜓,蜻蜻蜓,蜻蜻蜓
Wooper,Wooper,Wooper,ウパー,Upah,Felino,Axoloto,우파,Upa,乌波,烏波,烏波
Quagsire,Quagsire,Quagsire,ヌオー,Nuoh,Morlord,Maraiste,누오,Nuo,沼王,沼王,沼王
Espeon,Espeon,Espeon,エーフィ,Eifie,Psiana,Mentali,에브이,Ebeui,太阳伊布,太陽伊布,太陽伊布
Umbreon,Umbreon,Umbreon,ブラッキー,Blacky,Nachtara,Noctali,블래키,Beullaeki,月亮伊布,月亮伊布,月亮伊布
Murkrow,Murkrow,Murkrow,ヤミカラス,Yamikarasu,Kramurx,Cornèbre,니로우,Nirou,黑暗鸦,黑暗鴉,黑暗鴉
Slowking,Slowking,Slowking,ヤドキング,Yadoking,Laschoking,Roigada,야도킹,Yadoking,呆呆王,呆呆王,呆呆王
Misdreavus,Misdreavus,Misdreavus,ムウマ,Muma,Traunfugil,Feuforêve,무우마,Muuma,梦妖,夢妖,夢妖
Unown,Unown,Unown,アンノーン,Unknown,Icognito,Zarbi,안농,Annong,未知图腾,未知圖騰,未知圖騰
Wobbuffet,Wobbuffet,Wobbuffet,ソーナンス,Sonans,Woingenau,Qulbutoké,마자용,Majayong,果然翁,果然翁,果然翁
Girafarig,Girafarig,Girafarig,キリンリキ,Kirinriki,Girafarig,Girafarig,키링키,Kiringki,麒麟奇,麒麟奇,麒麟奇
Pineco,Pineco,Pineco,クヌギダマ,Kunugidama,Tannza,Pomdepik,피콘,Pikon,榛果球,榛果球,榛果球
Forretress,Forretress,Forretress,フォレトス,Foretos,Forstellka,Foretress,쏘콘,Ssokon,佛烈托斯,佛烈托斯,佛烈托斯
Dunsparce,Dunsparce,Dunsparce,ノコッチ,Nokocchi,Dummisel,Insolourdo,노고치,Nogochi,土龙弟弟,土龍弟弟,土龍弟弟
Gligar,Gligar,Gligar,グライガー,Gliger,Skorgla,Scorplane,글라이거,Geullaigeo,天蝎,天蠍,天蠍
Steelix,Steelix,Steelix,ハガネール,Haganeil,Stahlos,Steelix,강철톤,Gangcheolton,大钢蛇,大鋼蛇,大鋼蛇
Snubbull,Snubbull,Snubbull,ブルー,Bulu,Snubbull,Snubbull,블루,Beullu,布鲁,布魯,布魯
Granbull,Granbull,Granbull,グランブル,Granbulu,Granbull,Granbull,그랑블루,Geurangbeullu,布鲁皇,布魯皇,布魯皇
Qwilfish,Qwilfish,Qwilfish,ハリーセン,Harysen,Baldorfish,Qwilfish,침바루,Chimbaru,千针鱼,千針魚,千針魚
Scizor,Scizor,Scizor,ハッサム,Hassam,Scherox,Cizayox,핫삼,Hatsam,巨钳螳螂,巨鉗螳螂,巨鉗螳螂
Shuckle,Shuckle,Shuckle,ツボツボ,Tsubotsubo,Pottrott,Caratroc,단단지,Dandanji,壶壶,壺壺,壺壺
Heracross,Heracross,Heracross,ヘラクロス,Heracros,Skaraborn,Scarhino,헤라크로스,Herakeuroseu,赫拉克罗斯,赫拉克羅斯,赫拉克羅斯
Sneasel,Sneasel,Sneasel,ニューラ,Nyula,Sniebel,Farfuret,포푸니,Popuni,狃拉,狃拉,狃拉
Teddiursa,Teddiursa,Teddiursa,ヒメグマ,Himeguma,Teddiursa,Teddiursa,깜지곰,Kkamjigom,熊宝宝,熊寶寶,熊寶寶
Ursaring,Ursaring,Ursaring,リングマ,Ringuma,Ursaring,Ursaring,링곰,Ringgom,圈圈熊,圈圈熊,圈圈熊
Slugma,Slugma,Slugma,マグマッグ,Magmag,Schneckmag,Limagma,마그마그,Mageumageu,熔岩虫,熔岩蟲,熔岩蟲
Magcargo,Magcargo,Magcargo,マグカルゴ,Magcargot,Magcargo,Volcaropod,마그카르고,Mageukareugo,熔岩蜗牛,熔岩蝸牛,熔岩蝸牛
Swinub,Swinub,Swinub,ウリムー,Urimoo,Quiekel,Marcacrin,꾸꾸리,Kkukkuri,小山猪,小山豬,小山豬
Piloswine,Piloswine,Piloswine,イノムー,Inomoo,Keifel,Cochignon,메꾸리,Mekkuri,长毛猪,長毛豬,長毛豬
Corsola,Corsola,Corsola,サニーゴ,Sunnygo,Corasonn,Corayon,코산호,Kosanho,太阳珊瑚,太陽珊瑚,太陽珊瑚
Remoraid,Remoraid,Remoraid,テッポウオ,Teppouo,Remoraid,Rémoraid,총어,Chongeo,铁炮鱼,鐵炮魚,鐵炮魚
Octillery,Octillery,Octillery,オクタン,Okutank,Octillery,Octillery,대포무노,Daepomuno,章鱼桶,章魚桶,章魚桶
Delibird,Delibird,Delibird,デリバード,Delibird,Botogel,Cadoizo,딜리버드,Dillibeodeu,信使鸟,信使鳥,信使鳥
Mantine,Mantine,Mantine,マンタイン,Mantain,Mantax,Démanta,만타인,Mantain,巨翅飞鱼,巨翅飛魚,巨翅飛魚
Skarmory,Skarmory,Skarmory,エアームド,Airmd,Panzaeron,Airmure,무장조,Mujangjo,盔甲鸟,盔甲鳥,盔甲鳥
Houndour,Houndour,Houndour,デルビル,Delvil,Hunduster,Malosse,델빌,Delbil,戴鲁比,戴魯比,戴魯比
Houndoom,Houndoom,Houndoom,ヘルガー,Hellgar,Hundemon,Démolosse,헬가,Helga,黑鲁加,黑魯加,黑魯加
Kingdra,Kingdra,Kingdra,キングドラ,Kingdra,Seedraking,Hyporoi,킹드라,Kingdeura,刺龙王,刺龍王,刺龍王
Phanpy,Phanpy,Phanpy,ゴマゾウ,Gomazou,Phanpy,Phanpy,코코리,Kokori,小小象,小小象,小小象
Donphan,Donphan,Donphan,ドンファン,Donfan,Donphan,Donphan,코리갑,Korigap,顿甲,頓甲,頓甲
Porygon2,Porygon2,Porygon2,ポリゴン２,Porygon2,Porygon2,Porygon2,폴리곤2,Polligontu,多边兽２型,多邊獸Ⅱ,多邊獸Ⅱ
Stantler,Stantler,Stantler,オドシシ,Odoshishi,Damhirplex,Cerfrousse,노라키,Noraki,惊角鹿,驚角鹿,驚角鹿
Smeargle,Smeargle,Smeargle,ドーブル,Doble,Farbeagle,Queulorior,루브도,Rubeudo,图图犬,圖圖犬,圖圖犬
Tyrogue,Tyrogue,Tyrogue,バルキー,Balkie,Rabauz,Debugant,배루키,Baeruki,无畏小子,無畏小子,無畏小子
Hitmontop,Hitmontop,Hitmontop,カポエラー,Kapoerer,Kapoera,Kapoera,카포에라,Kapoera,战舞郎,戰舞郎,戰舞郎
Smoochum,Smoochum,Smoochum,ムチュール,Muchul,Kussilla,Lippouti,뽀뽀라,Ppoppora,迷唇娃,迷唇娃,迷唇娃
Elekid,Elekid,Elekid,エレキッド,Elekid,Elekid,Élekid,에레키드,Erekideu,电击怪,電擊怪,電擊怪
Magby,Magby,Magby,ブビィ,Buby,Magby,Magby,마그비,Mageubi,鸭嘴宝宝,鴨嘴寶寶,鴨嘴寶寶
Miltank,Miltank,Miltank,ミルタンク,Miltank,Miltank,Écrémeuh,밀탱크,Miltaengkeu,大奶罐,大奶罐,大奶罐
Blissey,Blissey,Blissey,ハピナス,Happinas,Heiteira,Leuphorie,해피너스,Haepineoseu,幸福蛋,幸福蛋,幸福蛋
Raikou,Raikou,Raikou,ライコウ,Raikou,Raikou,Raikou,라이코,Raiko,雷公,雷公,雷公
Entei,Entei,Entei,エンテイ,Entei,Entei,Entei,앤테이,Aentei,炎帝,炎帝,炎帝
Suicune,Suicune,Suicune,スイクン,Suicune,Suicune,Suicune,스이쿤,Seuikun,水君,水君,水君
Larvitar,Larvitar,Larvitar,ヨーギラス,Yogiras,Larvitar,Embrylex,애버라스,Aebeoraseu,幼基拉斯,幼基拉斯,幼基拉斯
Pupitar,Pupitar,Pupitar,サナギラス,Sanagiras,Pupitar,Ymphect,데기라스,Degiraseu,沙基拉斯,沙基拉斯,沙基拉斯
Tyranitar,Tyranitar,Tyranitar,バンギラス,Bangiras,Despotar,Tyranocif,마기라스,Magiraseu,班基拉斯,班基拉斯,班基拉斯
Lugia,Lugia,Lugia,ルギア,Lugia,Lugia,Lugia,루기아,Rugia,洛奇亚,洛奇亞,洛奇亞
Ho-Oh,Ho-Oh,Ho-Oh,ホウオウ,Houou,Ho-Oh,Ho-Oh,칠색조,Chilsaekjo,凤王,鳳王,鳳王
Celebi,Celebi,Celebi,セレビィ,Celebi,Celebi,Celebi,세레비,Serebi,时拉比,時拉比,時拉比
Treecko,Treecko,Treecko,キモリ,Kimori,Geckarbor,Arcko,나무지기,Namujigi,木守宫,木守宮,木守宮
Grovyle,Grovyle,Grovyle,ジュプトル,Juptile,Reptain,Massko,나무돌이,Namudori,森林蜥蜴,森林蜥蜴,森林蜥蜴
Sceptile,Sceptile,Sceptile,ジュカイン,Jukain,Gewaldro,Jungko,나무킹,Namuking,蜥蜴王,蜥蜴王,蜥蜴王
Torchic,Torchic,Torchic,アチャモ,Achamo,Flemmli,Poussifeu,아차모,Achamo,火稚鸡,火稚雞,火稚雞
Combusken,Combusken,Combusken,ワカシャモ,Wakasyamo,Jungglut,Galifeu,영치코,Yeongchiko,力壮鸡,力壯雞,力壯雞
Blaziken,Blaziken,Blaziken,バシャーモ,Bursyamo,Lohgock,Braségali,번치코,Beonchiko,火焰鸡,火焰雞,火焰雞
Mudkip,Mudkip,Mudkip,ミズゴロウ,Mizugorou,Hydropi,Gobou,물짱이,Muljjangi,水跃鱼,水躍魚,水躍魚
Marshtomp,Marshtomp,Marshtomp,ヌマクロー,Numacraw,Moorabbel,Flobio,늪짱이,Neupjjangi,沼跃鱼,沼躍魚,沼躍魚
Swampert,Swampert,Swampert,ラグラージ,Laglarge,Sumpex,Laggron,대짱이,Daejjangi,巨沼怪,巨沼怪,巨沼怪
Poochyena,Poochyena,Poochyena,ポチエナ,Pochiena,Fiffyen,Medhyèna,포챠나,Pochyana,土狼犬,土狼犬,土狼犬
Mightyena,Mightyena,Mightyena,グラエナ,Graena,Magnayen,Grahyèna,그라에나,Geuraena,大狼犬,大狼犬,大狼犬
Zigzagoon,Zigzagoon,Zigzagoon,ジグザグマ,Jiguzaguma,Zigzachs,Zigzaton,지그제구리,Jigeujeguri,蛇纹熊,蛇紋熊,蛇紋熊
Linoone,Linoone,Linoone,マッスグマ,Massuguma,Geradaks,Linéon,직구리,Jikguri,直冲熊,直衝熊,直衝熊
Wurmple,Wurmple,Wurmple,ケムッソ,Kemusso,Waumpel,Chenipotte,개무소,Gaemuso,刺尾虫,刺尾蟲,刺尾蟲
Silcoon,Silcoon,Silcoon,カラサリス,Karasalis,Schaloko,Armulys,실쿤,Silkun,甲壳茧,甲殼繭,甲殼繭
Beautifly,Beautifly,Beautifly,アゲハント,Agehunt,Papinella,Charmillon,뷰티플라이,Byutipeullai,狩猎凤蝶,狩獵鳳蝶,狩獵鳳蝶
Cascoon,Cascoon,Cascoon,マユルド,Mayuld,Panekon,Blindalys,카스쿤,Kaseukun,盾甲茧,盾甲繭,盾甲繭
Dustox,Dustox,Dustox,ドクケイル,Dokucale,Pudox,Papinox,독케일,Dokkeil,毒粉蛾,毒粉蛾,毒粉蛾
Lotad,Lotad,Lotad,ハスボー,Hassboh,Loturzel,Nénupiot,연꽃몬,Yeonkkonmon,莲叶童子,蓮葉童子,蓮葉童子
Lombre,Lombre,Lombre,ハスブレロ,Hasubrero,Lombrero,Lombre,로토스,Rotoseu,莲帽小童,蓮帽小童,蓮帽小童
Ludicolo,Ludicolo,Ludicolo,ルンパッパ,Runpappa,Kappalores,Ludicolo,로파파,Ropapa,乐天河童,樂天河童,樂天河童
Seedot,Seedot,Seedot,タネボー,Taneboh,Samurzel,Grainipiot,도토링,Dotoring,橡实果,橡實果,橡實果
Nuzleaf,Nuzleaf,Nuzleaf,コノハナ,Konohana,Blanas,Pifeuil,잎새코,Ipsaeko,长鼻叶,長鼻葉,長鼻葉
Shiftry,Shiftry,Shiftry,ダーテング,Dirteng,Tengulist,Tengalice,다탱구,Dataenggu,狡猾天狗,狡猾天狗,狡猾天狗
Taillow,Taillow,Taillow,スバメ,Subame,Schwalbini,Nirondelle,테일로,Teillo,傲骨燕,傲骨燕,傲骨燕
Swellow,Swellow,Swellow,オオスバメ,Ohsubame,Schwalboss,Hélédelle,스왈로,Seuwallo,大王燕,大王燕,大王燕
Wingull,Wingull,Wingull,キャモメ,Camome,Wingull,Goélise,갈모매,Galmomae,长翅鸥,長翅鷗,長翅鷗
Pelipper,Pelipper,Pelipper,ペリッパー,Pelipper,Pelipper,Bekipan,패리퍼,Paeripeo,大嘴鸥,大嘴鷗,大嘴鷗
Ralts,Ralts,Ralts,ラルトス,Ralts,Trasla,Tarsal,랄토스,Raltoseu,拉鲁拉丝,拉魯拉絲,拉魯拉絲
Kirlia,Kirlia,Kirlia,キルリア,Kirlia,Kirlia,Kirlia,킬리아,Killia,奇鲁莉安,奇魯莉安,奇魯莉安
Gardevoir,Gardevoir,Gardevoir,サーナイト,Sirnight,Guardevoir,Gardevoir,가디안,Gadian,沙奈朵,沙奈朵,沙奈朵
Surskit,Surskit,Surskit,アメタマ,Ametama,Gehweiher,Arakdo,비구술,Bigusul,溜溜糖球,溜溜糖球,溜溜糖球
Masquerain,Masquerain,Masquerain,アメモース,Amemoth,Maskeregen,Maskadra,비나방,Binabang,雨翅蛾,雨翅蛾,雨翅蛾
Shroomish,Shroomish,Shroomish,キノココ,Kinococo,Knilz,Balignon,버섯꼬,Beoseotkko,蘑蘑菇,蘑蘑菇,蘑蘑菇
Breloom,Breloom,Breloom,キノガッサ,Kinogassa,Kapilz,Chapignon,버섯모,Beoseonmo,斗笠菇,斗笠菇,斗笠菇
Slakoth,Slakoth,Slakoth,ナマケロ,Namakero,Bummelz,Parecool,게을로,Geeullo,懒人獭,懶人獺,懶人獺
Vigoroth,Vigoroth,Vigoroth,ヤルキモノ,Yarukimono,Muntier,Vigoroth,발바로,Balbaro,过动猿,過動猿,過動猿
Slaking,Slaking,Slaking,ケッキング,Kekking,Letarking,Monaflèmit,게을킹,Geeulking,请假王,請假王,請假王
Nincada,Nincada,Nincada,ツチニン,Tutinin,Nincada,Ningale,토중몬,Tojungmon,土居忍士,土居忍士,土居忍士
Ninjask,Ninjask,Ninjask,テッカニン,Tekkanin,Ninjask,Ninjask,아이스크,Aiseukeu,铁面忍者,鐵面忍者,鐵面忍者
Shedinja,Shedinja,Shedinja,ヌケニン,Nukenin,Ninjatom,Munja,껍질몬,Kkeopjilmon,脱壳忍者,脫殼忍者,脫殼忍者
Whismur,Whismur,Whismur,ゴニョニョ,Gonyonyo,Flurmel,Chuchmur,소곤룡,Sogonnyong,咕妞妞,咕妞妞,咕妞妞
Loudred,Loudred,Loudred,ドゴーム,Dogohmb,Krakeelo,Ramboum,노공룡,Nogongnyong,吼爆弹,吼爆彈,吼爆彈
Exploud,Exploud,Exploud,バクオング,Bakuong,Krawumms,Brouhabam,폭음룡,Pogeumnyong,爆音怪,爆音怪,爆音怪
Makuhita,Makuhita,Makuhita,マクノシタ,Makunoshita,Makuhita,Makuhita,마크탕,Makeutang,幕下力士,幕下力士,幕下力士
Hariyama,Hariyama,Hariyama,ハリテヤマ,Hariteyama,Hariyama,Hariyama,하리뭉,Harimung,铁掌力士,鐵掌力士,鐵掌力士
Azurill,Azurill,Azurill,ルリリ,Ruriri,Azurill,Azurill,루리리,Ruriri,露力丽,露力麗,露力麗
Nosepass,Nosepass,Nosepass,ノズパス,Nosepass,Nasgnet,Tarinor,코코파스,Kokopaseu,朝北鼻,朝北鼻,朝北鼻
Skitty,Skitty,Skitty,エネコ,Eneco,Eneco,Skitty,에나비,Enabi,向尾喵,向尾喵,向尾喵
Delcatty,Delcatty,Delcatty,エネコロロ,Enekororo,Enekoro,Delcatty,델케티,Delketi,优雅猫,優雅貓,優雅貓
Sableye,Sableye,Sableye,ヤミラミ,Yamirami,Zobiris,Ténéfix,깜까미,Kkamkkami,勾魂眼,勾魂眼,勾魂眼
Mawile,Mawile,Mawile,クチート,Kucheat,Flunkifer,Mysdibule,입치트,Ipchiteu,大嘴娃,大嘴娃,大嘴娃
Aron,Aron,Aron,ココドラ,Cokodora,Stollunior,Galekid,가보리,Gabori,可可多拉,可可多拉,可可多拉
Lairon,Lairon,Lairon,コドラ,Kodora,Stollrak,Galegon,갱도라,Gaengdora,可多拉,可多拉,可多拉
Aggron,Aggron,Aggron,ボスゴドラ,Bossgodora,Stolloss,Galeking,보스로라,Boseurora,波士可多拉,波士可多拉,波士可多拉
Meditite,Meditite,Meditite,アサナン,Asanan,Meditie,Méditikka,요가랑,Yogarang,玛沙那,瑪沙那,瑪沙那
Medicham,Medicham,Medicham,チャーレム,Charem,Meditalis,Charmina,요가램,Yogaraem,恰雷姆,恰雷姆,恰雷姆
Electrike,Electrike,Electrike,ラクライ,Rakurai,Frizelbliz,Dynavolt,썬더라이,Sseondeorai,落雷兽,落雷獸,落雷獸
Manectric,Manectric,Manectric,ライボルト,Livolt,Voltenso,Élecsprint,썬더볼트,Sseondeobolteu,雷电兽,雷電獸,雷電獸
Plusle,Plusle,Plusle,プラスル,Prasle,Plusle,Posipi,플러시,Peulleosi,正电拍拍,正電拍拍,正電拍拍
Minun,Minun,Minun,マイナン,Minun,Minun,Négapi,마이농,Mainong,负电拍拍,負電拍拍,負電拍拍
Volbeat,Volbeat,Volbeat,バルビート,Barubeat,Volbeat,Muciole,볼비트,Bolbiteu,电萤虫,電螢蟲,電螢蟲
Illumise,Illumise,Illumise,イルミーゼ,Illumise,Illumise,Lumivole,네오비트,Neobiteu,甜甜萤,甜甜螢,甜甜螢
Roselia,Roselia,Roselia,ロゼリア,Roselia,Roselia,Rosélia,로젤리아,Rojellia,毒蔷薇,毒薔薇,毒薔薇
Gulpin,Gulpin,Gulpin,ゴクリン,Gokulin,Schluppuck,Gloupti,꼴깍몬,Kkolkkangmon,溶食兽,溶食獸,溶食獸
Swalot,Swalot,Swalot,マルノーム,Marunoom,Schlukwech,Avaltout,꿀꺽몬,Kkulkkeongmon,吞食兽,吞食獸,吞食獸
Carvanha,Carvanha,Carvanha,キバニア,Kibanha,Kanivanha,Carvanha,샤프니아,Syapeunia,利牙鱼,利牙魚,利牙魚
Sharpedo,Sharpedo,Sharpedo,サメハダー,Samehader,Tohaido,Sharpedo,샤크니아,Syakeunia,巨牙鲨,巨牙鯊,巨牙鯊
Wailmer,Wailmer,Wailmer,ホエルコ,Hoeruko,Wailmer,Wailmer,고래왕자,Goraewangja,吼吼鲸,吼吼鯨,吼吼鯨
Wailord,Wailord,Wailord,ホエルオー,Whaloh,Wailord,Wailord,고래왕,Goraewang,吼鲸王,吼鯨王,吼鯨王
Numel,Numel,Numel,ドンメル,Donmel,Camaub,Chamallot,둔타,Dunta,呆火驼,呆火駝,呆火駝
Camerupt,Camerupt,Camerupt,バクーダ,Bakuuda,Camerupt,Camérupt,폭타,Pokta,喷火驼,噴火駝,噴火駝
Torkoal,Torkoal,Torkoal,コータス,Cotoise,Qurtel,Chartor,코터스,Koteoseu,煤炭龟,煤炭龜,煤炭龜
Spoink,Spoink,Spoink,バネブー,Baneboo,Spoink,Spoink,피그점프,Pigeujeompeu,跳跳猪,跳跳豬,跳跳豬
Grumpig,Grumpig,Grumpig,ブーピッグ,Boopig,Groink,Groret,피그킹,Pigeuking,噗噗猪,噗噗豬,噗噗豬
Spinda,Spinda,Spinda,パッチール,Patcheel,Pandir,Spinda,얼루기,Eollugi,晃晃斑,晃晃斑,晃晃斑
Trapinch,Trapinch,Trapinch,ナックラー,Nuckrar,Knacklion,Kraknoix,톱치,Topchi,大颚蚁,大顎蟻,大顎蟻
Vibrava,Vibrava,Vibrava,ビブラーバ,Vibrava,Vibrava,Vibraninf,비브라바,Bibeuraba,超音波幼虫,超音波幼蟲,超音波幼蟲
Flygon,Flygon,Flygon,フライゴン,Flygon,Libelldra,Libégon,플라이곤,Peullaigon,沙漠蜻蜓,沙漠蜻蜓,沙漠蜻蜓
Cacnea,Cacnea,Cacnea,サボネア,Sabonea,Tuska,Cacnea,선인왕,Seoninwang,刺球仙人掌,刺球仙人掌,刺球仙人掌
Cacturne,Cacturne,Cacturne,ノクタス,Noctus,Noktuska,Cacturne,밤선인,Bamseonin,梦歌仙人掌,夢歌仙人掌,夢歌仙人掌
Swablu,Swablu,Swablu,チルット,Tyltto,Wablu,Tylton,파비코,Pabiko,青绵鸟,青綿鳥,青綿鳥
Altaria,Altaria,Altaria,チルタリス,Tyltalis,Altaria,Altaria,파비코리,Pabikori,七夕青鸟,七夕青鳥,七夕青鳥
Zangoose,Zangoose,Zangoose,ザングース,Zangoose,Sengo,Mangriff,쟝고,Jyanggo,猫鼬斩,貓鼬斬,貓鼬斬
Seviper,Seviper,Seviper,ハブネーク,Habunake,Vipitis,Séviper,세비퍼,Sebipeo,饭匙蛇,飯匙蛇,飯匙蛇
Lunatone,Lunatone,Lunatone,ルナトーン,Lunatone,Lunastein,Séléroc,루나톤,Runaton,月石,月石,月石
Solrock,Solrock,Solrock,ソルロック,Solrock,Sonnfel,Solaroc,솔록,Sollok,太阳岩,太陽岩,太陽岩
Barboach,Barboach,Barboach,ドジョッチ,Dojoach,Schmerbe,Barloche,미꾸리,Mikkuri,泥泥鳅,泥泥鰍,泥泥鰍
Whiscash,Whiscash,Whiscash,ナマズン,Namazun,Welsar,Barbicha,메깅,Meging,鲶鱼王,鯰魚王,鯰魚王
Corphish,Corphish,Corphish,ヘイガニ,Heigani,Krebscorps,Écrapince,가재군,Gajaegun,龙虾小兵,龍蝦小兵,龍蝦小兵
Crawdaunt,Crawdaunt,Crawdaunt,シザリガー,Shizariger,Krebutack,Colhomard,가재장군,Gajaejanggun,铁螯龙虾,鐵螯龍蝦,鐵螯龍蝦
Baltoy,Baltoy,Baltoy,ヤジロン,Yajilon,Puppance,Balbuto,오뚝군,Ottukgun,天秤偶,天秤偶,天秤偶
Claydol,Claydol,Claydol,ネンドール,Nendoll,Lepumentas,Kaorine,점토도리,Jeomtodori,念力土偶,念力土偶,念力土偶
Lileep,Lileep,Lileep,リリーラ,Lilyla,Liliep,Lilia,릴링,Rilling,触手百合,觸手百合,觸手百合
Cradily,Cradily,Cradily,ユレイドル,Yuradle,Wielie,Vacilys,릴리요,Rilliyo,摇篮百合,搖籃百合,搖籃百合
Anorith,Anorith,Anorith,アノプス,Anopth,Anorith,Anorith,아노딥스,Anodipseu,太古羽虫,太古羽蟲,太古羽蟲
Armaldo,Armaldo,Armaldo,アーマルド,Armaldo,Armaldo,Armaldo,아말도,Amaldo,太古盔甲,太古盔甲,太古盔甲
Feebas,Feebas,Feebas,ヒンバス,Hinbass,Barschwa,Barpau,빈티나,Bintina,丑丑鱼,醜醜魚,醜醜魚
Milotic,Milotic,Milotic,ミロカロス,Milokaross,Milotic,Milobellus,밀로틱,Millotik,美纳斯,美納斯,美納斯
Castform,Castform,Castform,ポワルン,Powalen,Formeo,Morphéo,캐스퐁,Kaeseupong,飘浮泡泡,飄浮泡泡,飄浮泡泡
Kecleon,Kecleon,Kecleon,カクレオン,Kakureon,Kecleon,Kecleon,켈리몬,Kellimon,变隐龙,變隱龍,變隱龍
Shuppet,Shuppet,Shuppet,カゲボウズ,Kagebouzu,Shuppet,Polichombr,어둠대신,Eodumdaesin,怨影娃娃,怨影娃娃,怨影娃娃
Banette,Banette,Banette,ジュペッタ,Juppeta,Banette,Branette,다크펫,Dakeupet,诅咒娃娃,詛咒娃娃,詛咒娃娃
Duskull,Duskull,Duskull,ヨマワル,Yomawaru,Zwirrlicht,Skelénox,해골몽,Haegolmong,夜巡灵,夜巡靈,夜巡靈
Dusclops,Dusclops,Dusclops,サマヨール,Samayouru,Zwirrklop,Téraclope,미라몽,Miramong,彷徨夜灵,彷徨夜靈,彷徨夜靈
Tropius,Tropius,Tropius,トロピウス,Tropius,Tropius,Tropius,트로피우스,Teuropiuseu,热带龙,熱帶龍,熱帶龍
Chimecho,Chimecho,Chimecho,チリーン,Chirean,Palimpalim,Éoko,치렁,Chireong,风铃铃,風鈴鈴,風鈴鈴
Absol,Absol,Absol,アブソル,Absol,Absol,Absol,앱솔,Aepsol,阿勃梭鲁,阿勃梭魯,阿勃梭魯
Wynaut,Wynaut,Wynaut,ソーナノ,Sohnano,Isso,Okéoké,마자,Maja,小果然,小果然,小果然
Snorunt,Snorunt,Snorunt,ユキワラシ,Yukiwarashi,Schneppke,Stalgamin,눈꼬마,Nunkkoma,雪童子,雪童子,雪童子
Glalie,Glalie,Glalie,オニゴーリ,Onigohri,Firnontor,Oniglali,얼음귀신,Eoreumgwisin,冰鬼护,冰鬼護,冰鬼護
Spheal,Spheal,Spheal,タマザラシ,Tamazarashi,Seemops,Obalie,대굴레오,Daegulleo,海豹球,海豹球,海豹球
Sealeo,Sealeo,Sealeo,トドグラー,Todoggler,Seejong,Phogleur,씨레오,Ssireo,海魔狮,海魔獅,海魔獅
Walrein,Walrein,Walrein,トドゼルガ,Todoseruga,Walraisa,Kaimorse,씨카이저,Ssikaijeo,帝牙海狮,帝牙海獅,帝牙海獅
Clamperl,Clamperl,Clamperl,パールル,Pearlulu,Perlu,Coquiperl,진주몽,Jinjumong,珍珠贝,珍珠貝,珍珠貝
Huntail,Huntail,Huntail,ハンテール,Huntail,Aalabyss,Serpang,헌테일,Heonteil,猎斑鱼,獵斑魚,獵斑魚
Gorebyss,Gorebyss,Gorebyss,サクラビス,Sakurabyss,Saganabyss,Rosabyss,분홍장이,Bunhongjangi,樱花鱼,櫻花魚,櫻花魚
Relicanth,Relicanth,Relicanth,ジーランス,Glanth,Relicanth,Relicanth,시라칸,Sirakan,古空棘鱼,古空棘魚,古空棘魚
Luvdisc,Luvdisc,Luvdisc,ラブカス,Lovecus,Liebiskus,Lovdisc,사랑동이,Sarangdongi,爱心鱼,愛心魚,愛心魚
Bagon,Bagon,Bagon,タツベイ,Tatsubay,Kindwurm,Draby,아공이,Agongi,宝贝龙,寶貝龍,寶貝龍
Shelgon,Shelgon,Shelgon,コモルー,Komoruu,Draschel,Drackhaus,쉘곤,Swelgon,甲壳龙,甲殼龍,甲殼龍
Salamence,Salamence,Salamence,ボーマンダ,Bohmander,Brutalanda,Drattak,보만다,Bomanda,暴飞龙,暴飛龍,暴飛龍
Beldum,Beldum,Beldum,ダンバル,Dumbber,Tanhel,Terhal,메탕,Metang,铁哑铃,鐵啞鈴,鐵啞鈴
Metang,Metang,Metang,メタング,Metang,Metang,Métang,메탕구,Metanggu,金属怪,金屬怪,金屬怪
Metagross,Metagross,Metagross,メタグロス,Metagross,Metagross,Métalosse,메타그로스,Metageuroseu,巨金怪,巨金怪,巨金怪
Regirock,Regirock,Regirock,レジロック,Regirock,Regirock,Regirock,레지락,Rejirak,雷吉洛克,雷吉洛克,雷吉洛克
Regice,Regice,Regice,レジアイス,Regice,Regice,Regice,레지아이스,Rejiaiseu,雷吉艾斯,雷吉艾斯,雷吉艾斯
Registeel,Registeel,Registeel,レジスチル,Registeel,Registeel,Registeel,레지스틸,Rejiseutil,雷吉斯奇鲁,雷吉斯奇魯,雷吉斯奇魯
Latias,Latias,Latias,ラティアス,Latias,Latias,Latias,라티아스,Ratiaseu,拉帝亚斯,拉帝亞斯,拉帝亞斯
Latios,Latios,Latios,ラティオス,Latios,Latios,Latios,라티오스,Ratioseu,拉帝欧斯,拉帝歐斯,拉帝歐斯
Kyogre,Kyogre,Kyogre,カイオーガ,Kyogre,Kyogre,Kyogre,가이오가,Gaioga,盖欧卡,蓋歐卡,蓋歐卡
Groudon,Groudon,Groudon,グラードン,Groudon,Groudon,Groudon,그란돈,Geurandon,固拉多,固拉多,固拉多
Rayquaza,Rayquaza,Rayquaza,レックウザ,Rayquaza,Rayquaza,Rayquaza,레쿠쟈,Rekujya,烈空坐,烈空坐,烈空坐
Jirachi,Jirachi,Jirachi,ジラーチ,Jirachi,Jirachi,Jirachi,지라치,Jirachi,基拉祈,基拉祈,基拉祈
Deoxys,Deoxys,Deoxys,デオキシス,Deoxys,Deoxys,Deoxys,테오키스,Teokiseu,代欧奇希斯,代歐奇希斯,代歐奇希斯
Turtwig,Turtwig,Turtwig,ナエトル,Naetle,Chelast,Tortipouss,모부기,Mobugi,草苗龟,草苗龜,草苗龜
Grotle,Grotle,Grotle,ハヤシガメ,Hayashigame,Chelcarain,Boskara,수풀부기,Supulbugi,树林龟,樹林龜,樹林龜
Torterra,Torterra,Torterra,ドダイトス,Dodaitose,Chelterrar,Torterra,토대부기,Todaebugi,土台龟,土台龜,土台龜
Chimchar,Chimchar,Chimchar,ヒコザル,Hikozaru,Panflam,Ouisticram,불꽃숭이,Bulkkotsungi,小火焰猴,小火焰猴,小火焰猴
Monferno,Monferno,Monferno,モウカザル,Moukazaru,Panpyro,Chimpenfeu,파이숭이,Paisungi,猛火猴,猛火猴,猛火猴
Infernape,Infernape,Infernape,ゴウカザル,Goukazaru,Panferno,Simiabraz,초염몽,Choyeommong,烈焰猴,烈焰猴,烈焰猴
Piplup,Piplup,Piplup,ポッチャマ,Pochama,Plinfa,Tiplouf,팽도리,Paengdori,波加曼,波加曼,波加曼
Prinplup,Prinplup,Prinplup,ポッタイシ,Pottaishi,Pliprin,Prinplouf,팽태자,Paengtaeja,波皇子,波皇子,波皇子
Empoleon,Empoleon,Empoleon,エンペルト,Emperte,Impoleon,Pingoléon,엠페르트,Empereuteu,帝王拿波,帝王拿波,帝王拿波
Starly,Starly,Starly,ムックル,Mukkuru,Staralili,Étourmi,찌르꼬,Jjireukko,姆克儿,姆克兒,姆克兒
Staravia,Staravia,Staravia,ムクバード,Mukubird,Staravia,Étourvol,찌르버드,Jjireubeodeu,姆克鸟,姆克鳥,姆克鳥
Staraptor,Staraptor,Staraptor,ムクホーク,Mukuhawk,Staraptor,Étouraptor,찌르호크,Jjireuhokeu,姆克鹰,姆克鷹,姆克鷹
Bidoof,Bidoof,Bidoof,ビッパ,Bippa,Bidiza,Keunotor,비버니,Bibeoni,大牙狸,大牙狸,大牙狸
Bibarel,Bibarel,Bibarel,ビーダル,Beadaru,Bidifas,Castorno,비버통,Bibeotong,大尾狸,大尾狸,大尾狸
Kricketot,Kricketot,Kricketot,コロボーシ,Korobohshi,Zirpurze,Crikzik,귀뚤뚜기,Gwittulttugi,圆法师,圓法師,圓法師
Kricketune,Kricketune,Kricketune,コロトック,Korotock,Zirpeise,Mélokrik,귀뚤톡크,Gwittultokkeu,音箱蟀,音箱蟀,音箱蟀
Shinx,Shinx,Shinx,コリンク,Kolink,Sheinux,Lixy,꼬링크,Kkoringkeu,小猫怪,小貓怪,小貓怪
Luxio,Luxio,Luxio,ルクシオ,Luxio,Luxio,Luxio,럭시오,Reoksio,勒克猫,勒克貓,勒克貓
Luxray,Luxray,Luxray,レントラー,Rentorar,Luxtra,Luxray,렌트라,Renteura,伦琴猫,倫琴貓,倫琴貓
Budew,Budew,Budew,スボミー,Subomie,Knospi,Rozbouton,꼬몽울,Kkomongul,含羞苞,含羞苞,含羞苞
Roserade,Roserade,Roserade,ロズレイド,Roserade,Roserade,Roserade,로즈레이드,Rojeureideu,罗丝雷朵,羅絲雷朵,羅絲雷朵
Cranidos,Cranidos,Cranidos,ズガイドス,Zugaidos,Koknodon,Kranidos,두개도스,Dugaedoseu,头盖龙,頭蓋龍,頭蓋龍
Rampardos,Rampardos,Rampardos,ラムパルド,Rampald,Rameidon,Charkos,램펄드,Raempeoldeu,战槌龙,戰槌龍,戰槌龍
Shieldon,Shieldon,Shieldon,タテトプス,Tatetops,Schilterus,Dinoclier,방패톱스,Bangpaetopseu,盾甲龙,盾甲龍,盾甲龍
Bastiodon,Bastiodon,Bastiodon,トリデプス,Torideps,Bollterus,Bastiodon,바리톱스,Baritopseu,护城龙,護城龍,護城龍
Burmy,Burmy,Burmy,ミノムッチ,Minomucchi,Burmy,Cheniti,도롱충이,Dorongchungi,结草儿,結草兒,結草兒
Wormadam,Wormadam,Wormadam,ミノマダム,Minomadam,Burmadame,Cheniselle,도롱마담,Dorongmadam,结草贵妇,結草貴婦,結草貴婦
Mothim,Mothim,Mothim,ガーメイル,Gamale,Moterpel,Papilord,나메일,Nameil,绅士蛾,紳士蛾,紳士蛾
Combee,Combee,Combee,ミツハニー,Mitsuhoney,Wadribie,Apitrini,세꿀버리,Sekkulbeori,三蜜蜂,三蜜蜂,三蜜蜂
Vespiquen,Vespiquen,Vespiquen,ビークイン,Beequen,Honweisel,Apireine,비퀸,Bikwin,蜂女王,蜂女王,蜂女王
Pachirisu,Pachirisu,Pachirisu,パチリス,Pachirisu,Pachirisu,Pachirisu,파치리스,Pachiriseu,帕奇利兹,帕奇利茲,帕奇利茲
Buizel,Buizel,Buizel,ブイゼル,Buoysel,Bamelin,Mustébouée,브이젤,Beuijel,泳圈鼬,泳圈鼬,泳圈鼬
Floatzel,Floatzel,Floatzel,フローゼル,Floazel,Bojelin,Mustéflott,플로젤,Peullojel,浮潜鼬,浮潛鼬,浮潛鼬
Cherubi,Cherubi,Cherubi,チェリンボ,Cherinbo,Kikugi,Ceribou,체리버,Cheribeo,樱花宝,櫻花寶,櫻花寶
Cherrim,Cherrim,Cherrim,チェリム,Cherrim,Kinoso,Ceriflor,체리꼬,Cherikko,樱花儿,櫻花兒,櫻花兒
Shellos,Shellos,Shellos,カラナクシ,Karanakushi,Schalellos,Sancoki,깝질무,Kkapjilmu,无壳海兔,無殼海兔,無殼海兔
Gastrodon,Gastrodon,Gastrodon,トリトドン,Tritodon,Gastrodon,Tritosor,트리토돈,Teuritodon,海兔兽,海兔獸,海兔獸
Ambipom,Ambipom,Ambipom,エテボース,Eteboth,Ambidiffel,Capidextre,겟핸보숭,Gethaenbosung,双尾怪手,雙尾怪手,雙尾怪手
Drifloon,Drifloon,Drifloon,フワンテ,Fuwante,Driftlon,Baudrive,흔들풍손,Heundeulpungson,飘飘球,飄飄球,飄飄球
Drifblim,Drifblim,Drifblim,フワライド,Fuwaride,Drifzepeli,Grodrive,둥실라이드,Dungsillaideu,随风球,隨風球,隨風球
Buneary,Buneary,Buneary,ミミロル,Mimirol,Haspiror,Laporeille,이어롤,Ieorol,卷卷耳,捲捲耳,捲捲耳
Lopunny,Lopunny,Lopunny,ミミロップ,Mimilop,Schlapor,Lockpin,이어롭,Ieorop,长耳兔,長耳兔,長耳兔
Mismagius,Mismagius,Mismagius,ムウマージ,Mumargi,Traunmagil,Magirêve,무우마직,Muumajik,梦妖魔,夢妖魔,夢妖魔
Honchkrow,Honchkrow,Honchkrow,ドンカラス,Dongkarasu,Kramshef,Corboss,돈크로우,Donkeurou,乌鸦头头,烏鴉頭頭,烏鴉頭頭
Glameow,Glameow,Glameow,ニャルマー,Nyarmar,Charmian,Chaglam,나옹마,Naongma,魅力喵,魅力喵,魅力喵
Purugly,Purugly,Purugly,ブニャット,Bunyatto,Shnurgarst,Chaffreux,몬냥이,Monnyangi,东施喵,東施喵,東施喵
Chingling,Chingling,Chingling,リーシャン,Lisyan,Klingplim,Korillon,랑딸랑,Rangttallang,铃铛响,鈴鐺響,鈴鐺響
Stunky,Stunky,Stunky,スカンプー,Skunpuu,Skunkapuh,Moufouette,스컹뿡,Seukeongppung,臭鼬噗,臭鼬噗,臭鼬噗
Skuntank,Skuntank,Skuntank,スカタンク,Skutank,Skuntank,Moufflair,스컹탱크,Seukeongtaengkeu,坦克臭鼬,坦克臭鼬,坦克臭鼬
Bronzor,Bronzor,Bronzor,ドーミラー,Dohmirror,Bronzel,Archéomire,동미러,Dongmireo,铜镜怪,銅鏡怪,銅鏡怪
Bronzong,Bronzong,Bronzong,ドータクン,Dohtakun,Bronzong,Archéodong,동탁군,Dongtakgun,青铜钟,青銅鐘,青銅鐘
Bonsly,Bonsly,Bonsly,ウソハチ,Usohachi,Mobai,Manzaï,꼬지지,Kkojiji,盆才怪,盆才怪,盆才怪
Mime Jr.,Mime Jr.,Mime Jr.,マネネ,Manene,Pantimimi,Mime Jr.,흉내내,Hyungnaenae,魔尼尼,魔尼尼,魔尼尼
Happiny,Happiny,Happiny,ピンプク,Pinpuku,Wonneira,Ptiravi,핑복,Pingbok,小福蛋,小福蛋,小福蛋
Chatot,Chatot,Chatot,ペラップ,Perap,Plaudagei,Pijako,페라페,Perape,聒噪鸟,聒噪鳥,聒噪鳥
Spiritomb,Spiritomb,Spiritomb,ミカルゲ,Mikaruge,Kryppuk,Spiritomb,화강돌,Hwagangdol,花岩怪,花岩怪,花岩怪
Gible,Gible,Gible,フカマル,Fukamaru,Kaumalat,Griknot,딥상어동,Dipsangeodong,圆陆鲨,圓陸鯊,圓陸鯊
Gabite,Gabite,Gabite,ガバイト,Gabite,Knarksel,Carmache,한바이트,Hanbaiteu,尖牙陆鲨,尖牙陸鯊,尖牙陸鯊
Garchomp,Garchomp,Garchomp,ガブリアス,Gaburias,Knakrack,Carchacrok,한카리아스,Hankariaseu,烈咬陆鲨,烈咬陸鯊,烈咬陸鯊
Munchlax,Munchlax,Munchlax,ゴンベ,Gonbe,Mampfaxo,Goinfrex,먹고자,Meokgoja,小卡比兽,小卡比獸,小卡比獸
Riolu,Riolu,Riolu,リオル,Riolu,Riolu,Riolu,리오르,Rioreu,利欧路,利歐路,利歐路
Lucario,Lucario,Lucario,ルカリオ,Lucario,Lucario,Lucario,루카리오,Rukario,路卡利欧,路卡利歐,路卡利歐
Hippopotas,Hippopotas,Hippopotas,ヒポポタス,Hippopotas,Hippopotas,Hippopotas,히포포타스,Hipopotaseu,沙河马,沙河馬,沙河馬
Hippowdon,Hippowdon,Hippowdon,カバルドン,Kabaldon,Hippoterus,Hippodocus,하마돈,Hamadon,河马兽,河馬獸,河馬獸
Skorupi,Skorupi,Skorupi,スコルピ,Scorupi,Pionskora,Rapion,스콜피,Seukolpi,钳尾蝎,鉗尾蠍,鉗尾蠍
Drapion,Drapion,Drapion,ドラピオン,Dorapion,Piondragi,Drascore,드래피온,Deuraepion,龙王蝎,龍王蠍,龍王蠍
Croagunk,Croagunk,Croagunk,グレッグル,Gureggru,Glibunkel,Cradopaud,삐딱구리,Ppittakguri,不良蛙,不良蛙,不良蛙
Toxicroak,Toxicroak,Toxicroak,ドクロッグ,Dokurog,Toxiquak,Coatox,독개굴,Dokgaegul,毒骷蛙,毒骷蛙,毒骷蛙
Carnivine,Carnivine,Carnivine,マスキッパ,Muskippa,Venuflibis,Vortente,무스틈니,Museuteumni,尖牙笼,尖牙籠,尖牙籠
Finneon,Finneon,Finneon,ケイコウオ,Keikouo,Finneon,Écayon,형광어,Hyeonggwangeo,荧光鱼,螢光魚,螢光魚
Lumineon,Lumineon,Lumineon,ネオラント,Neolant,Lumineon,Luminéon,네오라이트,Neoraiteu,霓虹鱼,霓虹魚,霓虹魚
Mantyke,Mantyke,Mantyke,タマンタ,Tamanta,Mantirps,Babimanta,타만타,Tamanta,小球飞鱼,小球飛魚,小球飛魚
Snover,Snover,Snover,ユキカブリ,Yukikaburi,Shnebedeck,Blizzi,눈쓰개,Nunsseugae,雪笠怪,雪笠怪,雪笠怪
Abomasnow,Abomasnow,Abomasnow,ユキノオー,Yukinooh,Rexblisar,Blizzaroi,눈설왕,Nunseorwang,暴雪王,暴雪王,暴雪王
Weavile,Weavile,Weavile,マニューラ,Manyula,Snibunna,Dimoret,포푸니라,Popunira,玛狃拉,瑪狃拉,瑪狃拉
Magnezone,Magnezone,Magnezone,ジバコイル,Jibacoil,Magnezone,Magnézone,자포코일,Japokoil,自爆磁怪,自爆磁怪,自爆磁怪
Lickilicky,Lickilicky,Lickilicky,ベロベルト,Berobelt,Schlurplek,Coudlangue,내룸벨트,Naerumbelteu,大舌舔,大舌舔,大舌舔
Rhyperior,Rhyperior,Rhyperior,ドサイドン,Dosidon,Rihornior,Rhinastoc,거대코뿌리,Geodaekoppuri,超甲狂犀,超甲狂犀,超甲狂犀
Tangrowth,Tangrowth,Tangrowth,モジャンボ,Mojumbo,Tangoloss,Bouldeneu,덩쿠림보,Deongkurimbo,巨蔓藤,巨蔓藤,巨蔓藤
Electivire,Electivire,Electivire,エレキブル,Elekible,Elevoltek,Élekable,에레키블,Erekibeul,电击魔兽,電擊魔獸,電擊魔獸
Magmortar,Magmortar,Magmortar,ブーバーン,Booburn,Magbrant,Maganon,마그마번,Mageumabeon,鸭嘴炎兽,鴨嘴炎獸,鴨嘴炎獸
Togekiss,Togekiss,Togekiss,トゲキッス,Togekiss,Togekiss,Togekiss,토게키스,Togekiseu,波克基斯,波克基斯,波克基斯
Yanmega,Yanmega,Yanmega,メガヤンマ,Megayanma,Yanmega,Yanméga,메가자리,Megajari,远古巨蜓,遠古巨蜓,遠古巨蜓
Leafeon,Leafeon,Leafeon,リーフィア,Leafia,Folipurba,Phyllali,리피아,Ripia,叶伊布,葉伊布,葉伊布
Glaceon,Glaceon,Glaceon,グレイシア,Glacia,Glaziola,Givrali,글레이시아,Geulleisia,冰伊布,冰伊布,冰伊布
Gliscor,Gliscor,Gliscor,グライオン,Glion,Skorgro,Scorvol,글라이온,Geullaion,天蝎王,天蠍王,天蠍王
Mamoswine,Mamoswine,Mamoswine,マンムー,Mammoo,Mamutel,Mammochon,맘모꾸리,Mammokkuri,象牙猪,象牙豬,象牙豬
Porygon-Z,Porygon-Z,Porygon-Z,ポリゴンＺ,Porygon-Z,Porygon-Z,Porygon-Z,폴리곤Z,Polligonjeteu,多边兽乙型,多邊獸Ｚ,多邊獸Ｚ
Gallade,Gallade,Gallade,エルレイド,Erureido,Galagladi,Gallame,엘레이드,Elleideu,艾路雷朵,艾路雷朵,艾路雷朵
Probopass,Probopass,Probopass,ダイノーズ,Dainose,Voluminas,Tarinorme,대코파스,Daekopaseu,大朝北鼻,大朝北鼻,大朝北鼻
Dusknoir,Dusknoir,Dusknoir,ヨノワール,Yonoir,Zwirrfinst,Noctunoir,야느와르몽,Yaneuwareumong,黑夜魔灵,黑夜魔靈,黑夜魔靈
Froslass,Froslass,Froslass,ユキメノコ,Yukimenoko,Frosdedje,Momartik,눈여아,Nunnyeoa,雪妖女,雪妖女,雪妖女
Rotom,Rotom,Rotom,ロトム,Rotom,Rotom,Motisma,로토무,Rotomu,洛托姆,洛托姆,洛托姆
Uxie,Uxie,Uxie,ユクシー,Yuxie,Selfe,Créhelf,유크시,Yukeusi,由克希,由克希,由克希
Mesprit,Mesprit,Mesprit,エムリット,Emrit,Vesprit,Créfollet,엠라이트,Emnaiteu,艾姆利多,艾姆利多,艾姆利多
Azelf,Azelf,Azelf,アグノム,Agnome,Tobutz,Créfadet,아그놈,Ageunom,亚克诺姆,亞克諾姆,亞克諾姆
Dialga,Dialga,Dialga,ディアルガ,Dialga,Dialga,Dialga,디아루가,Diaruga,帝牙卢卡,帝牙盧卡,帝牙盧卡
Palkia,Palkia,Palkia,パルキア,Palkia,Palkia,Palkia,펄기아,Peolgia,帕路奇亚,帕路奇亞,帕路奇亞
Heatran,Heatran,Heatran,ヒードラン,Heatran,Heatran,Heatran,히드런,Hideureon,席多蓝恩,席多藍恩,席多藍恩
Regigigas,Regigigas,Regigigas,レジギガス,Regigigas,Regigigas,Regigigas,레지기가스,Rejigigaseu,雷吉奇卡斯,雷吉奇卡斯,雷吉奇卡斯
Giratina,Giratina,Giratina,ギラティナ,Giratina,Giratina,Giratina,기라티나,Giratina,骑拉帝纳,騎拉帝納,騎拉帝納
Cresselia,Cresselia,Cresselia,クレセリア,Cresselia,Cresselia,Cresselia,크레세리아,Keureseria,克雷色利亚,克雷色利亞,克雷色利亞
Phione,Phione,Phione,フィオネ,Phione,Phione,Phione,피오네,Pione,霏欧纳,霏歐納,霏歐納
Manaphy,Manaphy,Manaphy,マナフィ,Manaphy,Manaphy,Manaphy,마나피,Manapi,玛纳霏,瑪納霏,瑪納霏
Darkrai,Darkrai,Darkrai,ダークライ,Darkrai,Darkrai,Darkrai,다크라이,Dakeurai,达克莱伊,達克萊伊,達克萊伊
Shaymin,Shaymin,Shaymin,シェイミ,Shaymin,Shaymin,Shaymin,쉐이미,Sweimi,谢米,謝米,謝米
Arceus,Arceus,Arceus,アルセウス,Arceus,Arceus,Arceus,아르세우스,Areuseuseu,阿尔宙斯,阿爾宙斯,阿爾宙斯
Victini,Victini,Victini,ビクティニ,Victini,Victini,Victini,비크티니,Bikeutini,比克提尼,比克提尼,比克提尼
Snivy,Snivy,Snivy,ツタージャ,Tsutarja,Serpifeu,Vipélierre,주리비얀,Juribiyan,藤藤蛇,藤藤蛇,藤藤蛇
Servine,Servine,Servine,ジャノビー,Janovy,Efoserp,Lianaja,샤비,Syabi,青藤蛇,青藤蛇,青藤蛇
Serperior,Serperior,Serperior,ジャローダ,Jalorda,Serpiroyal,Majaspic,샤로다,Syaroda,君主蛇,君主蛇,君主蛇
Tepig,Tepig,Tepig,ポカブ,Pokabu,Floink,Gruikui,뚜꾸리,Ttukkuri,暖暖猪,暖暖豬,暖暖豬
Pignite,Pignite,Pignite,チャオブー,Chaoboo,Ferkokel,Grotichon,챠오꿀,Chyaokkul,炒炒猪,炒炒豬,炒炒豬
Emboar,Emboar,Emboar,エンブオー,Enbuoh,Flambirex,Roitiflam,염무왕,Yeommuwang,炎武王,炎武王,炎武王
Oshawott,Oshawott,Oshawott,ミジュマル,Mijumaru,Ottaro,Moustillon,수댕이,Sudaengi,水水獭,水水獺,水水獺
Dewott,Dewott,Dewott,フタチマル,Futachimaru,Zwottronin,Mateloutre,쌍검자비,Ssanggeomjabi,双刃丸,雙刃丸,雙刃丸
Samurott,Samurott,Samurott,ダイケンキ,Daikenki,Admurai,Clamiral,대검귀,Daegeomgwi,大剑鬼,大劍鬼,大劍鬼
Patrat,Patrat,Patrat,ミネズミ,Minezumi,Nagelotz,Ratentif,보르쥐,Boreujwi,探探鼠,探探鼠,探探鼠
Watchog,Watchog,Watchog,ミルホッグ,Miruhog,Kukmarda,Miradar,보르그,Boreugeu,步哨鼠,步哨鼠,步哨鼠
Lillipup,Lillipup,Lillipup,ヨーテリー,Yorterrie,Yorkleff,Ponchiot,요테리,Yoteri,小约克,小約克,小約克
Herdier,Herdier,Herdier,ハーデリア,Herderrie,Terribark,Ponchien,하데리어,Haderieo,哈约克,哈約克,哈約克
Stoutland,Stoutland,Stoutland,ムーランド,Mooland,Bissbark,Mastouffe,바랜드,Baraendeu,长毛狗,長毛狗,長毛狗
Purrloin,Purrloin,Purrloin,チョロネコ,Choroneko,Felilou,Chacripan,쌔비냥,Ssaebinyang,扒手猫,扒手貓,扒手貓
Liepard,Liepard,Liepard,レパルダス,Lepardas,Kleoparda,Léopardus,레파르다스,Repareudaseu,酷豹,酷豹,酷豹
Pansage,Pansage,Pansage,ヤナップ,Yanappu,Vegimak,Feuillajou,야나프,Yanapeu,花椰猴,花椰猴,花椰猴
Simisage,Simisage,Simisage,ヤナッキー,Yanakkie,Vegichita,Feuiloutan,야나키,Yanaki,花椰猿,花椰猿,花椰猿
Pansear,Pansear,Pansear,バオップ,Baoppu,Grillmak,Flamajou,바오프,Baopeu,爆香猴,爆香猴,爆香猴
Simisear,Simisear,Simisear,バオッキー,Baokkie,Grillchita,Flamoutan,바오키,Baoki,爆香猿,爆香猿,爆香猿
Panpour,Panpour,Panpour,ヒヤップ,Hiyappu,Sodamak,Flotajou,앗차프,Atchapeu,冷水猴,冷水猴,冷水猴
Simipour,Simipour,Simipour,ヒヤッキー,Hiyakkie,Sodachita,Flotoutan,앗차키,Atchaki,冷水猿,冷水猿,冷水猿
Munna,Munna,Munna,ムンナ,Munna,Somniam,Munna,몽나,Mongna,食梦梦,食夢夢,食夢夢
Musharna,Musharna,Musharna,ムシャーナ,Musharna,Somnivora,Mushana,몽얌나,Mongyamna,梦梦蚀,夢夢蝕,夢夢蝕
Pidove,Pidove,Pidove,マメパト,Mamepato,Dusselgurr,Poichigeon,콩둘기,Kongdulgi,豆豆鸽,豆豆鴿,豆豆鴿
Tranquill,Tranquill,Tranquill,ハトーボー,Hatoboh,Navitaub,Colombeau,유토브,Yutobeu,咕咕鸽,咕咕鴿,咕咕鴿
Unfezant,Unfezant,Unfezant,ケンホロウ,Kenhallow,Fasasnob,Déflaisan,켄호로우,Kenhorou,高傲雉鸡,高傲雉雞,高傲雉雞
Blitzle,Blitzle,Blitzle,シママ,Shimama,Elezeba,Zébribon,줄뮤마,Julmyuma,斑斑马,斑斑馬,斑斑馬
Zebstrika,Zebstrika,Zebstrika,ゼブライカ,Zebraika,Zebritz,Zéblitz,제브라이카,Jebeuraika,雷电斑马,雷電斑馬,雷電斑馬
Roggenrola,Roggenrola,Roggenrola,ダンゴロ,Dangoro,Kiesling,Nodulithe,단굴,Dangul,石丸子,石丸子,石丸子
Boldore,Boldore,Boldore,ガントル,Gantle,Sedimantur,Géolithe,암트르,Amteureu,地幔岩,地幔岩,地幔岩
Gigalith,Gigalith,Gigalith,ギガイアス,Gigaiath,Brockoloss,Gigalithe,기가이어스,Gigaieoseu,庞岩怪,龐岩怪,龐岩怪
Woobat,Woobat,Woobat,コロモリ,Koromori,Fleknoil,Chovsourir,또르박쥐,Ttoreubakjwi,滚滚蝙蝠,滾滾蝙蝠,滾滾蝙蝠
Swoobat,Swoobat,Swoobat,ココロモリ,Kokoromori,Fletiamo,Rhinolove,맘박쥐,Mambakjwi,心蝙蝠,心蝙蝠,心蝙蝠
Drilbur,Drilbur,Drilbur,モグリュー,Mogurew,Rotomurf,Rototaupe,두더류,Dudeoryu,螺钉地鼠,螺釘地鼠,螺釘地鼠
Excadrill,Excadrill,Excadrill,ドリュウズ,Doryuzu,Stalobor,Minotaupe,몰드류,Moldeuryu,龙头地鼠,龍頭地鼠,龍頭地鼠
Audino,Audino,Audino,タブンネ,Tabunne,Ohrdoch,Nanméouïe,다부니,Dabuni,差不多娃娃,差不多娃娃,差不多娃娃
Timburr,Timburr,Timburr,ドッコラー,Dokkorer,Praktibalk,Charpenti,으랏차,Euratcha,搬运小匠,搬運小匠,搬運小匠
Gurdurr,Gurdurr,Gurdurr,ドテッコツ,Dotekkotsu,Strepoli,Ouvrifier,토쇠골,Tosoegol,铁骨土人,鐵骨土人,鐵骨土人
Conkeldurr,Conkeldurr,Conkeldurr,ローブシン,Roubushin,Meistagrif,Bétochef,노보청,Nobocheong,修建老匠,修建老匠,修建老匠
Tympole,Tympole,Tympole,オタマロ,Otamaro,Schallquap,Tritonde,동챙이,Dongchaengi,圆蝌蚪,圓蝌蚪,圓蝌蚪
Palpitoad,Palpitoad,Palpitoad,ガマガル,Gamagaru,Mebrana,Batracné,두까비,Dukkabi,蓝蟾蜍,藍蟾蜍,藍蟾蜍
Seismitoad,Seismitoad,Seismitoad,ガマゲロゲ,Gamageroge,Branawarz,Crapustule,두빅굴,Dubikgul,蟾蜍王,蟾蜍王,蟾蜍王
Throh,Throh,Throh,ナゲキ,Nageki,Jiutesto,Judokrak,던지미,Deonjimi,投摔鬼,投摔鬼,投摔鬼
Sawk,Sawk,Sawk,ダゲキ,Dageki,Karadonis,Karaclée,타격귀,Tagyeokgwi,打击鬼,打擊鬼,打擊鬼
Sewaddle,Sewaddle,Sewaddle,クルミル,Kurumiru,Strawickl,Larveyette,두르보,Dureubo,虫宝包,蟲寶包,蟲寶包
Swadloon,Swadloon,Swadloon,クルマユ,Kurumayu,Folikon,Couverdure,두르쿤,Dureukun,宝包茧,寶包繭,寶包繭
Leavanny,Leavanny,Leavanny,ハハコモリ,Hahakomori,Matrifol,Manternel,모아머,Moameo,保姆虫,保母蟲,保母蟲
Venipede,Venipede,Venipede,フシデ,Fushide,Toxiped,Venipatte,마디네,Madine,百足蜈蚣,百足蜈蚣,百足蜈蚣
Whirlipede,Whirlipede,Whirlipede,ホイーガ,Wheega,Rollum,Scobolide,휠구,Hwilgu,车轮球,車輪毬,車輪毬
Scolipede,Scolipede,Scolipede,ペンドラー,Pendror,Cerapendra,Brutapode,펜드라,Pendeura,蜈蚣王,蜈蚣王,蜈蚣王
Cottonee,Cottonee,Cottonee,モンメン,Monmen,Waumboll,Doudouvet,소미안,Somian,木棉球,木棉球,木棉球
Whimsicott,Whimsicott,Whimsicott,エルフーン,Elfuun,Elfun,Farfaduvet,엘풍,Elpung,风妖精,風妖精,風妖精
Petilil,Petilil,Petilil,チュリネ,Churine,Lilminip,Chlorobule,치릴리,Chirilli,百合根娃娃,百合根娃娃,百合根娃娃
Lilligant,Lilligant,Lilligant,ドレディア,Dredear,Dressella,Fragilady,드레디어,Deuredieo,裙儿小姐,裙兒小姐,裙兒小姐
Basculin,Basculin,Basculin,バスラオ,Bassrao,Barschuft,Bargantua,배쓰나이,Baesseunai,野蛮鲈鱼,野蠻鱸魚,野蠻鱸魚
Sandile,Sandile,Sandile,メグロコ,Meguroco,Ganovil,Mascaïman,깜눈크,Kkamnunkeu,黑眼鳄,黑眼鱷,黑眼鱷
Krokorok,Krokorok,Krokorok,ワルビル,Waruvile,Rokkaiman,Escroco,악비르,Akbireu,混混鳄,混混鱷,混混鱷
Krookodile,Krookodile,Krookodile,ワルビアル,Waruvial,Rabigator,Crocorible,악비아르,Akbiareu,流氓鳄,流氓鱷,流氓鱷
Darumaka,Darumaka,Darumaka,ダルマッカ,Darumakka,Flampion,Darumarond,달막화,Dalmakhwa,火红不倒翁,火紅不倒翁,火紅不倒翁
Darmanitan,Darmanitan,Darmanitan,ヒヒダルマ,Hihidaruma,Flampivian,Darumacho,불비달마,Bulbidalma,达摩狒狒,達摩狒狒,達摩狒狒
Maractus,Maractus,Maractus,マラカッチ,Maracacchi,Maracamba,Maracachi,마라카치,Marakachi,沙铃仙人掌,沙鈴仙人掌,沙鈴仙人掌
Dwebble,Dwebble,Dwebble,イシズマイ,Ishizumai,Lithomith,Crabicoque,돌살이,Dolsari,石居蟹,石居蟹,石居蟹
Crustle,Crustle,Crustle,イワパレス,Iwapalace,Castellith,Crabaraque,암팰리스,Ampaelliseu,岩殿居蟹,岩殿居蟹,岩殿居蟹
Scraggy,Scraggy,Scraggy,ズルッグ,Zuruggu,Zurrokex,Baggiguane,곤율랭,Gonyullaeng,滑滑小子,滑滑小子,滑滑小子
Scrafty,Scrafty,Scrafty,ズルズキン,Zuruzukin,Irokex,Baggaïd,곤율거니,Gonyulgeoni,头巾混混,頭巾混混,頭巾混混
Sigilyph,Sigilyph,Sigilyph,シンボラー,Symboler,Symvolara,Cryptéro,심보러,Simboreo,象征鸟,象徵鳥,象徵鳥
Yamask,Yamask,Yamask,デスマス,Desumasu,Makabaja,Tutafeh,데스마스,Deseumaseu,哭哭面具,哭哭面具,哭哭面具
Cofagrigus,Cofagrigus,Cofagrigus,デスカーン,Desukarn,Echnatoll,Tutankafer,데스니칸,Deseunikan,迭失棺,死神棺,死神棺
Tirtouga,Tirtouga,Tirtouga,プロトーガ,Protoga,Galapaflos,Carapagos,프로토가,Peurotoga,原盖海龟,原蓋海龜,原蓋海龜
Carracosta,Carracosta,Carracosta,アバゴーラ,Abagoura,Karippas,Mégapagos,늑골라,Neukgolla,肋骨海龟,肋骨海龜,肋骨海龜
Archen,Archen,Archen,アーケン,Archen,Flapteryx,Arkéapti,아켄,Aken,始祖小鸟,始祖小鳥,始祖小鳥
Archeops,Archeops,Archeops,アーケオス,Archeos,Aeropteryx,Aéroptéryx,아케오스,Akeoseu,始祖大鸟,始祖大鳥,始祖大鳥
Trubbish,Trubbish,Trubbish,ヤブクロン,Yabukuron,Unratütox,Miamiasme,깨봉이,Kkaebongi,破破袋,破破袋,破破袋
Garbodor,Garbodor,Garbodor,ダストダス,Dustdas,Deponitox,Miasmax,더스트나,Deoseuteuna,灰尘山,灰塵山,灰塵山
Zorua,Zorua,Zorua,ゾロア,Zorua,Zorua,Zorua,조로아,Joroa,索罗亚,索羅亞,索羅亞
Zoroark,Zoroark,Zoroark,ゾロアーク,Zoroark,Zoroark,Zoroark,조로아크,Joroakeu,索罗亚克,索羅亞克,索羅亞克
Minccino,Minccino,Minccino,チラーミィ,Chillarmy,Picochilla,Chinchidou,치라미,Chirami,泡沫栗鼠,泡沫栗鼠,泡沫栗鼠
Cinccino,Cinccino,Cinccino,チラチーノ,Chillaccino,Chillabell,Pashmilla,치라치노,Chirachino,奇诺栗鼠,奇諾栗鼠,奇諾栗鼠
Gothita,Gothita,Gothita,ゴチム,Gothimu,Mollimorba,Scrutella,고디탱,Goditaeng,哥德宝宝,哥德寶寶,哥德寶寶
Gothorita,Gothorita,Gothorita,ゴチミル,Gothimiru,Hypnomorba,Mesmérella,고디보미,Godibomi,哥德小童,哥德小童,哥德小童
Gothitelle,Gothitelle,Gothitelle,ゴチルゼル,Gothiruselle,Morbitesse,Sidérella,고디모아젤,Godimoajel,哥德小姐,哥德小姐,哥德小姐
Solosis,Solosis,Solosis,ユニラン,Uniran,Monozyto,Nucléos,유니란,Yuniran,单卵细胞球,單卵細胞球,單卵細胞球
Duosion,Duosion,Duosion,ダブラン,Doublan,Mitodos,Méios,듀란,Dyuran,双卵细胞球,雙卵細胞球,雙卵細胞球
Reuniclus,Reuniclus,Reuniclus,ランクルス,Lanculus,Zytomega,Symbios,란쿨루스,Rankulluseu,人造细胞卵,人造細胞卵,人造細胞卵
Ducklett,Ducklett,Ducklett,コアルヒー,Koaruhie,Piccolente,Couaneton,꼬지보리,Kkojibori,鸭宝宝,鴨寶寶,鴨寶寶
Swanna,Swanna,Swanna,スワンナ,Swanna,Swaroness,Lakmécygne,스완나,Seuwanna,舞天鹅,舞天鵝,舞天鵝
Vanillite,Vanillite,Vanillite,バニプッチ,Vanipeti,Gelatini,Sorbébé,바닐프티,Banilpeuti,迷你冰,迷你冰,迷你冰
Vanillish,Vanillish,Vanillish,バニリッチ,Vanirich,Gelatroppo,Sorboul,바닐리치,Banillichi,多多冰,多多冰,多多冰
Vanilluxe,Vanilluxe,Vanilluxe,バイバニラ,Baivanilla,Gelatwino,Sorbouboul,배바닐라,Baebanilla,双倍多多冰,雙倍多多冰,雙倍多多冰
Deerling,Deerling,Deerling,シキジカ,Shikijika,Sesokitz,Vivaldaim,사철록,Sacheollok,四季鹿,四季鹿,四季鹿
Sawsbuck,Sawsbuck,Sawsbuck,メブキジカ,Mebukijika,Kronjuwild,Haydaim,바라철록,Baracheollok,萌芽鹿,萌芽鹿,萌芽鹿
Emolga,Emolga,Emolga,エモンガ,Emonga,Emolga,Emolga,에몽가,Emongga,电飞鼠,電飛鼠,電飛鼠
Karrablast,Karrablast,Karrablast,カブルモ,Kaburumo,Laukaps,Carabing,딱정곤,Ttakjeonggon,盖盖虫,蓋蓋蟲,蓋蓋蟲
Escavalier,Escavalier,Escavalier,シュバルゴ,Chevargo,Cavalanzas,Lançargot,슈바르고,Syubareugo,骑士蜗牛,騎士蝸牛,騎士蝸牛
Foongus,Foongus,Foongus,タマゲタケ,Tamagetake,Tarnpignon,Trompignon,깜놀버슬,Kkamnolbeoseul,哎呀球菇,哎呀球菇,哎呀球菇
Amoonguss,Amoonguss,Amoonguss,モロバレル,Morobareru,Hutsassa,Gaulet,뽀록나,Pporongna,败露球菇,敗露球菇,敗露球菇
Frillish,Frillish,Frillish,プルリル,Pururill,Quabbel,Viskuse,탱그릴,Taenggeuril,轻飘飘,輕飄飄,輕飄飄
Jellicent,Jellicent,Jellicent,ブルンゲル,Burungel,Apoquallyp,Moyade,탱탱겔,Taengtaenggel,胖嘟嘟,胖嘟嘟,胖嘟嘟
Alomomola,Alomomola,Alomomola,ママンボウ,Mamanbou,Mamolida,Mamanbo,맘복치,Mambokchi,保姆曼波,保母曼波,保母曼波
Joltik,Joltik,Joltik,バチュル,Bachuru,Wattzapf,Statitik,파쪼옥,Pajjook,电电虫,電電蟲,電電蟲
Galvantula,Galvantula,Galvantula,デンチュラ,Dentula,Voltula,Mygavolt,전툴라,Jeontulla,电蜘蛛,電蜘蛛,電蜘蛛
Ferroseed,Ferroseed,Ferroseed,テッシード,Tesseed,Kastadur,Grindur,철시드,Cheolsideu,种子铁球,種子鐵球,種子鐵球
Ferrothorn,Ferrothorn,Ferrothorn,ナットレイ,Nutrey,Tentantel,Noacier,너트령,Neoteuryeong,坚果哑铃,堅果啞鈴,堅果啞鈴
Klink,Klink,Klink,ギアル,Giaru,Klikk,Tic,기어르,Gieoreu,齿轮儿,齒輪兒,齒輪兒
Klang,Klang,Klang,ギギアル,Gigiaru,Kliklak,Clic,기기어르,Gigieoreu,齿轮组,齒輪組,齒輪組
Klinklang,Klinklang,Klinklang,ギギギアル,Gigigiaru,Klikdiklak,Cliticlic,기기기어르,Gigigieoreu,齿轮怪,齒輪怪,齒輪怪
Tynamo,Tynamo,Tynamo,シビシラス,Shibishirasu,Zapplardin,Anchwatt,저리어,Jeorieo,麻麻小鱼,麻麻小魚,麻麻小魚
Eelektrik,Eelektrik,Eelektrik,シビビール,Shibibeel,Zapplalek,Lampéroie,저리릴,Jeoriril,麻麻鳗,麻麻鰻,麻麻鰻
Eelektross,Eelektross,Eelektross,シビルドン,Shibirudon,Zapplarang,Ohmassacre,저리더프,Jeorideopeu,麻麻鳗鱼王,麻麻鰻魚王,麻麻鰻魚王
Elgyem,Elgyem,Elgyem,リグレー,Ligray,Pygraulon,Lewsor,리그레,Rigeure,小灰怪,小灰怪,小灰怪
Beheeyem,Beheeyem,Beheeyem,オーベム,Ohbem,Megalon,Neitram,벰크,Bemkeu,大宇怪,大宇怪,大宇怪
Litwick,Litwick,Litwick,ヒトモシ,Hitomoshi,Lichtel,Funécire,불켜미,Bulkyeomi,烛光灵,燭光靈,燭光靈
Lampent,Lampent,Lampent,ランプラー,Lampler,Laternecto,Mélancolux,램프라,Raempeura,灯火幽灵,燈火幽靈,燈火幽靈
Chandelure,Chandelure,Chandelure,シャンデラ,Chandela,Skelabra,Lugulabre,샹델라,Syangdella,水晶灯火灵,水晶燈火靈,水晶燈火靈
Axew,Axew,Axew,キバゴ,Kibago,Milza,Coupenotte,터검니,Teogeomni,牙牙,牙牙,牙牙
Fraxure,Fraxure,Fraxure,オノンド,Onondo,Sharfax,Incisache,액슨도,Aekseundo,斧牙龙,斧牙龍,斧牙龍
Haxorus,Haxorus,Haxorus,オノノクス,Ononokus,Maxax,Tranchodon,액스라이즈,Aekseuraijeu,双斧战龙,雙斧戰龍,雙斧戰龍
Cubchoo,Cubchoo,Cubchoo,クマシュン,Kumasyun,Petznief,Polarhume,코고미,Kogomi,喷嚏熊,噴嚏熊,噴嚏熊
Beartic,Beartic,Beartic,ツンベアー,Tunbear,Siberio,Polagriffe,툰베어,Tunbeeo,冻原熊,凍原熊,凍原熊
Cryogonal,Cryogonal,Cryogonal,フリージオ,Freegeo,Frigometri,Hexagel,프리지오,Peurijio,几何雪花,幾何雪花,幾何雪花
Shelmet,Shelmet,Shelmet,チョボマキ,Chobomaki,Schnuthelm,Escargaume,쪼마리,Jjomari,小嘴蜗,小嘴蝸,小嘴蝸
Accelgor,Accelgor,Accelgor,アギルダー,Agilder,Hydragil,Limaspeed,어지리더,Eojirideo,敏捷虫,敏捷蟲,敏捷蟲
Stunfisk,Stunfisk,Stunfisk,マッギョ,Maggyo,Flunschlik,Limonde,메더,Medeo,泥巴鱼,泥巴魚,泥巴魚
Mienfoo,Mienfoo,Mienfoo,コジョフー,Kojofu,Lin-Fu,Kungfouine,비조푸,Bijopu,功夫鼬,功夫鼬,功夫鼬
Mienshao,Mienshao,Mienshao,コジョンド,Kojondo,Wie-Shu,Shaofouine,비조도,Bijodo,师父鼬,師父鼬,師父鼬
Druddigon,Druddigon,Druddigon,クリムガン,Crimgan,Shardrago,Drakkarmin,크리만,Keuriman,赤面龙,赤面龍,赤面龍
Golett,Golett,Golett,ゴビット,Gobit,Golbit,Gringolem,골비람,Golbiram,泥偶小人,泥偶小人,泥偶小人
Golurk,Golurk,Golurk,ゴルーグ,Goloog,Golgantes,Golemastoc,골루그,Gollugeu,泥偶巨人,泥偶巨人,泥偶巨人
Pawniard,Pawniard,Pawniard,コマタナ,Komatana,Gladiantri,Scalpion,자망칼,Jamangkal,驹刀小兵,駒刀小兵,駒刀小兵
Bisharp,Bisharp,Bisharp,キリキザン,Kirikizan,Caesurio,Scalproie,절각참,Jeolgakcham,劈斩司令,劈斬司令,劈斬司令
Bouffalant,Bouffalant,Bouffalant,バッフロン,Buffron,Bisofank,Frison,버프론,Beopeuron,爆炸头水牛,爆炸頭水牛,爆炸頭水牛
Rufflet,Rufflet,Rufflet,ワシボン,Washibon,Geronimatz,Furaiglon,수리둥보,Suridungbo,毛头小鹰,毛頭小鷹,毛頭小鷹
Braviary,Braviary,Braviary,ウォーグル,Warrgle,Washakwil,Gueriaigle,워글,Wogeul,勇士雄鹰,勇士雄鷹,勇士雄鷹
Vullaby,Vullaby,Vullaby,バルチャイ,Valchai,Skallyk,Vostourno,벌차이,Beolchai,秃鹰丫头,禿鷹丫頭,禿鷹丫頭
Mandibuzz,Mandibuzz,Mandibuzz,バルジーナ,Vulgina,Grypheldis,Vaututrice,버랜지나,Beoraenjina,秃鹰娜,禿鷹娜,禿鷹娜
Heatmor,Heatmor,Heatmor,クイタラン,Kuitaran,Furnifraß,Aflamanoir,앤티골,Aentigol,熔蚁兽,熔蟻獸,熔蟻獸
Durant,Durant,Durant,アイアント,Aiant,Fermicula,Fermite,아이앤트,Aiaenteu,铁蚁,鐵蟻,鐵蟻
Deino,Deino,Deino,モノズ,Monozu,Kapuno,Solochi,모노두,Monodu,单首龙,單首龍,單首龍
Zweilous,Zweilous,Zweilous,ジヘッド,Dihead,Duodino,Diamat,디헤드,Dihedeu,双首暴龙,雙首暴龍,雙首暴龍
Hydreigon,Hydreigon,Hydreigon,サザンドラ,Sazandora,Trikephalo,Trioxhydre,삼삼드래,Samsamdeurae,三首恶龙,三首惡龍,三首惡龍
Larvesta,Larvesta,Larvesta,メラルバ,Merlarva,Ignivor,Pyronille,활화르바,Hwalhwareuba,燃烧虫,燃燒蟲,燃燒蟲
Volcarona,Volcarona,Volcarona,ウルガモス,Ulgamoth,Ramoth,Pyrax,불카모스,Bulkamoseu,火神蛾,火神蛾,火神蛾
Cobalion,Cobalion,Cobalion,コバルオン,Cobalon,Kobalium,Cobaltium,코바르온,Kobareuon,勾帕路翁,勾帕路翁,勾帕路翁
Terrakion,Terrakion,Terrakion,テラキオン,Terrakion,Terrakium,Terrakium,테라키온,Terakion,代拉基翁,代拉基翁,代拉基翁
Virizion,Virizion,Virizion,ビリジオン,Virizion,Viridium,Viridium,비리디온,Biridion,毕力吉翁,畢力吉翁,畢力吉翁
Tornadus,Tornadus,Tornadus,トルネロス,Tornelos,Boreos,Boréas,토네로스,Toneroseu,龙卷云,龍捲雲,龍捲雲
Thundurus,Thundurus,Thundurus,ボルトロス,Voltolos,Voltolos,Fulguris,볼트로스,Bolteuroseu,雷电云,雷電雲,雷電雲
Reshiram,Reshiram,Reshiram,レシラム,Reshiram,Reshiram,Reshiram,레시라무,Resiramu,莱希拉姆,萊希拉姆,萊希拉姆
Zekrom,Zekrom,Zekrom,ゼクロム,Zekrom,Zekrom,Zekrom,제크로무,Jekeuromu,捷克罗姆,捷克羅姆,捷克羅姆
Landorus,Landorus,Landorus,ランドロス,Landlos,Demeteros,Démétéros,랜드로스,Raendeuroseu,土地云,土地雲,土地雲
Kyurem,Kyurem,Kyurem,キュレム,Kyurem,Kyurem,Kyurem,큐레무,Kyuremu,酋雷姆,酋雷姆,酋雷姆
Keldeo,Keldeo,Keldeo,ケルディオ,Keldeo,Keldeo,Keldeo,케르디오,Kereudio,凯路迪欧,凱路迪歐,凱路迪歐
Meloetta,Meloetta,Meloetta,メロエッタ,Meloetta,Meloetta,Meloetta,메로엣타,Meroetta,美洛耶塔,美洛耶塔,美洛耶塔
Genesect,Genesect,Genesect,ゲノセクト,Genesect,Genesect,Genesect,게노세크트,Genosekeuteu,盖诺赛克特,蓋諾賽克特,蓋諾賽克特
Chespin,Chespin,Chespin,ハリマロン,Harimaron,Igamaro,Marisson,도치마론,Dochimaron,哈力栗,哈力栗,哈力栗
Quilladin,Quilladin,Quilladin,ハリボーグ,Hariborg,Igastarnish,Boguérisse,도치보구,Dochibogu,胖胖哈力,胖胖哈力,胖胖哈力
Chesnaught,Chesnaught,Chesnaught,ブリガロン,Brigarron,Brigaron,Blindépique,브리가론,Beurigaron,布里卡隆,布里卡隆,布里卡隆
Fennekin,Fennekin,Fennekin,フォッコ,Fokko,Fynx,Feunnec,푸호꼬,Puhokko,火狐狸,火狐狸,火狐狸
Braixen,Braixen,Braixen,テールナー,Tairenar,Rutena,Roussil,테르나,Tereuna,长尾火狐,長尾火狐,長尾火狐
Delphox,Delphox,Delphox,マフォクシー,Mahoxy,Fennexis,Goupelin,마폭시,Mapoksi,妖火红狐,妖火紅狐,妖火紅狐
Froakie,Froakie,Froakie,ケロマツ,Keromatsu,Froxy,Grenousse,개구마르,Gaegumareu,呱呱泡蛙,呱呱泡蛙,呱呱泡蛙
Frogadier,Frogadier,Frogadier,ゲコガシラ,Gekogashira,Amphizel,Croâporal,개굴반장,Gaegulbanjang,呱头蛙,呱頭蛙,呱頭蛙
Greninja,Greninja,Greninja,ゲッコウガ,Gekkouga,Quajutsu,Amphinobi,개굴닌자,Gaegullinja,甲贺忍蛙,甲賀忍蛙,甲賀忍蛙
Bunnelby,Bunnelby,Bunnelby,ホルビー,Horubee,Scoppel,Sapereau,파르빗,Pareubit,掘掘兔,掘掘兔,掘掘兔
Diggersby,Diggersby,Diggersby,ホルード,Horudo,Grebbit,Excavarenne,파르토,Pareuto,掘地兔,掘地兔,掘地兔
Fletchling,Fletchling,Fletchling,ヤヤコマ,Yayakoma,Dartiri,Passerouge,화살꼬빈,Hwasalkkobin,小箭雀,小箭雀,小箭雀
Fletchinder,Fletchinder,Fletchinder,ヒノヤコマ,Hinoyakoma,Dartignis,Braisillon,불화살빈,Bulhwasalbin,火箭雀,火箭雀,火箭雀
Talonflame,Talonflame,Talonflame,ファイアロー,Fiarrow,Fiaro,Flambusard,파이어로,Paieoro,烈箭鹰,烈箭鷹,烈箭鷹
Scatterbug,Scatterbug,Scatterbug,コフキムシ,Kofukimushi,Purmel,Lépidonille,분이벌레,Bunibeolle,粉蝶虫,粉蝶蟲,粉蝶蟲
Spewpa,Spewpa,Spewpa,コフーライ,Kofuurai,Puponcho,Pérégrain,분떠도리,Buntteodori,粉蝶蛹,粉蝶蛹,粉蝶蛹
Vivillon,Vivillon,Vivillon,ビビヨン,Viviyon,Vivillon,Prismillon,비비용,Bibiyong,彩粉蝶,彩粉蝶,彩粉蝶
Litleo,Litleo,Litleo,シシコ,Shishiko,Leufeo,Hélionceau,레오꼬,Reokko,小狮狮,小獅獅,小獅獅
Pyroar,Pyroar,Pyroar,カエンジシ,Kaenjishi,Pyroleo,Némélios,화염레오,Hwayeomneo,火炎狮,火炎獅,火炎獅
Flabébé,Flabébé,Flabébé,フラベベ,Flabebe,Flabébé,Flabébé,플라베베,Peullabebe,花蓓蓓,花蓓蓓,花蓓蓓
Floette,Floette,Floette,フラエッテ,Floette,Floette,Floette,플라엣테,Peullaette,花叶蒂,花葉蒂,花葉蒂
Florges,Florges,Florges,フラージェス,Florges,Florges,Florges,플라제스,Peullajeseu,花洁夫人,花潔夫人,花潔夫人
Skiddo,Skiddo,Skiddo,メェークル,Meecle,Mähikel,Cabriolaine,메이클,Meikeul,坐骑小羊,坐騎小羊,坐騎小羊
Gogoat,Gogoat,Gogoat,ゴーゴート,Gogoat,Chevrumm,Chevroum,고고트,Gogoteu,坐骑山羊,坐騎山羊,坐騎山羊
Pancham,Pancham,Pancham,ヤンチャム,Yancham,Pam-Pam,Pandespiègle,판짱,Panjjang,顽皮熊猫,頑皮熊貓,頑皮熊貓
Pangoro,Pangoro,Pangoro,ゴロンダ,Goronda,Pandagro,Pandarbare,부란다,Buranda,霸道熊猫,流氓熊貓,流氓熊貓
Furfrou,Furfrou,Furfrou,トリミアン,Trimmien,Coiffwaff,Couafarel,트리미앙,Teurimiang,多丽米亚,多麗米亞,多麗米亞
Espurr,Espurr,Espurr,ニャスパー,Nyasper,Psiau,Psystigri,냐스퍼,Nyaseupeo,妙喵,妙喵,妙喵
Meowstic,Meowstic,Meowstic,ニャオニクス,Nyaonix,Psiaugon,Mistigrix,냐오닉스,Nyaonikseu,超能妙喵,超能妙喵,超能妙喵
Honedge,Honedge,Honedge,ヒトツキ,Hitotsuki,Gramokles,Monorpale,단칼빙,Dankalbing,独剑鞘,獨劍鞘,獨劍鞘
Doublade,Doublade,Doublade,ニダンギル,Nidangill,Duokles,Dimoclès,쌍검킬,Ssanggeomkil,双剑鞘,雙劍鞘,雙劍鞘
Aegislash,Aegislash,Aegislash,ギルガルド,Gillgard,Durengard,Exagide,킬가르도,Kilgareudo,坚盾剑怪,堅盾劍怪,堅盾劍怪
Spritzee,Spritzee,Spritzee,シュシュプ,Shushupu,Parfi,Fluvetin,슈쁘,Syuppeu,粉香香,粉香香,粉香香
Aromatisse,Aromatisse,Aromatisse,フレフワン,Frefuwan,Parfinesse,Cocotine,프레프티르,Peurepeutireu,芳香精,芳香精,芳香精
Swirlix,Swirlix,Swirlix,ペロッパフ,Peroppafu,Flauschling,Sucroquin,나룸퍼프,Narumpeopeu,绵绵泡芙,綿綿泡芙,綿綿泡芙
Slurpuff,Slurpuff,Slurpuff,ペロリーム,Peroream,Sabbaione,Cupcanaille,나루림,Narurim,胖甜妮,胖甜妮,胖甜妮
Inkay,Inkay,Inkay,マーイーカ,Maaiika,Iscalar,Sepiatop,오케이징,Okeijing,好啦鱿,好啦魷,好啦魷
Malamar,Malamar,Malamar,カラマネロ,Calamanero,Calamanero,Sepiatroce,칼라마네로,Kallamanero,乌贼王,烏賊王,烏賊王
Binacle,Binacle,Binacle,カメテテ,Kametete,Bithora,Opermine,거북손손,Geobuksonson,龟脚脚,龜腳腳,龜腳腳
Barbaracle,Barbaracle,Barbaracle,ガメノデス,Gamenodes,Thanathora,Golgopathe,거북손데스,Geobuksondeseu,龟足巨铠,龜足巨鎧,龜足巨鎧
Skrelp,Skrelp,Skrelp,クズモー,Kuzumo,Algitt,Venalgue,수레기,Suregi,垃垃藻,垃垃藻,垃垃藻
Dragalge,Dragalge,Dragalge,ドラミドロ,Dramidoro,Tandrak,Kravarech,드래캄,Deuraekam,毒藻龙,毒藻龍,毒藻龍
Clauncher,Clauncher,Clauncher,ウデッポウ,Udeppou,Scampisto,Flingouste,완철포,Wancheolpo,铁臂枪虾,鐵臂槍蝦,鐵臂槍蝦
Clawitzer,Clawitzer,Clawitzer,ブロスター,Bloster,Wummer,Gamblast,블로스터,Beulloseuteo,钢炮臂虾,鋼炮臂蝦,鋼炮臂蝦
Helioptile,Helioptile,Helioptile,エリキテル,Erikiteru,Eguana,Galvaran,목도리키텔,Mokdorikitel,伞电蜥,傘電蜥,傘電蜥
Heliolisk,Heliolisk,Heliolisk,エレザード,Elezard,Elezard,Iguolta,일레도리자드,Illedorijadeu,光电伞蜥,光電傘蜥,光電傘蜥
Tyrunt,Tyrunt,Tyrunt,チゴラス,Chigoras,Balgoras,Ptyranidur,티고라스,Tigoraseu,宝宝暴龙,寶寶暴龍,寶寶暴龍
Tyrantrum,Tyrantrum,Tyrantrum,ガチゴラス,Gachigoras,Monargoras,Rexillius,견고라스,Gyeongoraseu,怪颚龙,怪顎龍,怪顎龍
Amaura,Amaura,Amaura,アマルス,Amarus,Amarino,Amagara,아마루스,Amaruseu,冰雪龙,冰雪龍,冰雪龍
Aurorus,Aurorus,Aurorus,アマルルガ,Amaruruga,Amagarga,Dragmara,아마루르가,Amarureuga,冰雪巨龙,冰雪巨龍,冰雪巨龍
Sylveon,Sylveon,Sylveon,ニンフィア,Nymphia,Feelinara,Nymphali,님피아,Nimpia,仙子伊布,仙子伊布,仙子伊布
Hawlucha,Hawlucha,Hawlucha,ルチャブル,Luchabull,Resladero,Brutalibré,루차불,Ruchabul,摔角鹰人,摔角鷹人,摔角鷹人
Dedenne,Dedenne,Dedenne,デデンネ,Dedenne,Dedenne,Dedenne,데덴네,Dedenne,咚咚鼠,咚咚鼠,咚咚鼠
Carbink,Carbink,Carbink,メレシー,Melecie,Rocara,Strassie,멜리시,Mellisi,小碎钻,小碎鑽,小碎鑽
Goomy,Goomy,Goomy,ヌメラ,Numera,Viscora,Mucuscule,미끄메라,Mikkeumera,黏黏宝,黏黏寶,黏黏寶
Sliggoo,Sliggoo,Sliggoo,ヌメイル,Numeil,Viscargot,Colimucus,미끄네일,Mikkeuneil,黏美儿,黏美兒,黏美兒
Goodra,Goodra,Goodra,ヌメルゴン,Numelgon,Viscogon,Muplodocus,미끄래곤,Mikkeuraegon,黏美龙,黏美龍,黏美龍
Klefki,Klefki,Klefki,クレッフィ,Cleffy,Clavion,Trousselin,클레피,Keullepi,钥圈儿,鑰圈兒,鑰圈兒
Phantump,Phantump,Phantump,ボクレー,Bokurei,Paragoni,Brocélôme,나목령,Namongnyeong,小木灵,小木靈,小木靈
Trevenant,Trevenant,Trevenant,オーロット,Ohrot,Trombork,Desséliande,대로트,Daeroteu,朽木妖,朽木妖,朽木妖
Pumpkaboo,Pumpkaboo,Pumpkaboo,バケッチャ,Bakeccha,Irrbis,Pitrouille,호바귀,Hobagwi,南瓜精,南瓜精,南瓜精
Gourgeist,Gourgeist,Gourgeist,パンプジン,Pumpjin,Pumpdjinn,Banshitrouye,펌킨인,Peomkinin,南瓜怪人,南瓜怪人,南瓜怪人
Bergmite,Bergmite,Bergmite,カチコール,Kachikohru,Arktip,Grelaçon,꽁어름,Kkongeoreum,冰宝,冰寶,冰寶
Avalugg,Avalugg,Avalugg,クレベース,Crebase,Arktilas,Séracrawl,크레베이스,Keurebeisu,冰岩怪,冰岩怪,冰岩怪
Noibat,Noibat,Noibat,オンバット,Onbat,eF-eM,Sonistrelle,음뱃,Eumbaet,嗡蝠,嗡蝠,嗡蝠
Noivern,Noivern,Noivern,オンバーン,Onvern,UHaFnir,Bruyverne,음번,Eumbeon,音波龙,音波龍,音波龍
Xerneas,Xerneas,Xerneas,ゼルネアス,Xerneas,Xerneas,Xerneas,제르네아스,Jereuneaseu,哲尔尼亚斯,哲爾尼亞斯,哲爾尼亞斯
Yveltal,Yveltal,Yveltal,イベルタル,Yveltal,Yveltal,Yveltal,이벨타르,Ibeltareu,伊裴尔塔尔,伊裴爾塔爾,伊裴爾塔爾
Zygarde,Zygarde,Zygarde,ジガルデ,Zygarde,Zygarde,Zygarde,지가르데,Jigareude,基格尔德,基格爾德,基格爾德
Diancie,Diancie,Diancie,ディアンシー,Diancie,Diancie,Diancie,디안시,Diansi,蒂安希,蒂安希,蒂安希
Hoopa,Hoopa,Hoopa,フーパ,Hoopa,Hoopa,Hoopa,후파,Hupa,胡帕,胡帕,胡帕
Volcanion,Volcanion,Volcanion,ボルケニオン,Volcanion,Volcanion,Volcanion,볼케니온,Bolkenion,波尔凯尼恩,波爾凱尼恩,波爾凱尼恩
Rowlet,Rowlet,Rowlet,モクロー,Mokuroh,Bauz,Brindibou,나몰빼미,Namolppaemi,木木枭,木木梟,木木梟
Dartrix,Dartrix,Dartrix,フクスロー,Fukuthrow,Arboretoss,Efflèche,빼미스로우,Ppaemiseurou,投羽枭,投羽梟,投羽梟
Decidueye,Decidueye,Decidueye,ジュナイパー,Junaiper,Silvarro,Archéduc,모크나이퍼,Mokeunaipeo,狙射树枭,狙射樹梟,狙射樹梟
Litten,Litten,Litten,ニャビー,Nyabby,Flamiau,Flamiaou,냐오불,Nyaobul,火斑喵,火斑喵,火斑喵
Torracat,Torracat,Torracat,ニャヒート,Nyaheat,Miezunder,Matoufeu,냐오히트,Nyaohiteu,炎热喵,炎熱喵,炎熱喵
Incineroar,Incineroar,Incineroar,ガオガエン,Gaogaen,Fuegro,Félinferno,어흥염,Eoheungyeom,炽焰咆哮虎,熾焰咆哮虎,熾焰咆哮虎
Popplio,Popplio,Popplio,アシマリ,Ashimari,Robball,Otaquin,누리공,Nurigong,球球海狮,球球海獅,球球海獅
Brionne,Brionne,Brionne,オシャマリ,Osyamari,Marikeck,Otarlette,키요공,Kiyogong,花漾海狮,花漾海獅,花漾海獅
Primarina,Primarina,Primarina,アシレーヌ,Ashirene,Primarene,Oratoria,누리레느,Nurireneu,西狮海壬,西獅海壬,西獅海壬
Pikipek,Pikipek,Pikipek,ツツケラ,Tsutsukera,Peppeck,Picassaut,콕코구리,Kokkoguri,小笃儿,小篤兒,小篤兒
Trumbeak,Trumbeak,Trumbeak,ケララッパ,Kerarappa,Trompeck,Piclairon,크라파,Keurapa,喇叭啄鸟,喇叭啄鳥,喇叭啄鳥
Toucannon,Toucannon,Toucannon,ドデカバシ,Dodekabashi,Tukanon,Bazoucan,왕큰부리,Wangkeunburi,铳嘴大鸟,銃嘴大鳥,銃嘴大鳥
Yungoos,Yungoos,Yungoos,ヤングース,Youngoose,Mangunior,Manglouton,영구스,Yeongguseu,猫鼬少,貓鼬少,貓鼬少
Gumshoos,Gumshoos,Gumshoos,デカグース,Dekagoose,Manguspektor,Argouste,형사구스,Hyeongsaguseu,猫鼬探长,貓鼬探長,貓鼬探長
Grubbin,Grubbin,Grubbin,アゴジムシ,Agojimushi,Mabula,Larvibule,턱지충이,Teokjichungi,强颚鸡母虫,強顎雞母蟲,強顎雞母蟲
Charjabug,Charjabug,Charjabug,デンヂムシ,Dendimushi,Akkup,Chrysapile,전지충이,Jeonjichungi,虫电宝,蟲電寶,蟲電寶
Vikavolt,Vikavolt,Vikavolt,クワガノン,Kuwagannon,Donarion,Lucanon,투구뿌논,Tuguppunon,锹农炮虫,鍬農炮蟲,鍬農炮蟲
Crabrawler,Crabrawler,Crabrawler,マケンカニ,Makenkani,Krabbox,Crabagarre,오기지게,Ogijige,好胜蟹,好勝蟹,好勝蟹
Crabominable,Crabominable,Crabominable,ケケンカニ,Kekenkani,Krawell,Crabominable,모단단게,Modandange,好胜毛蟹,好勝毛蟹,好勝毛蟹
Oricorio,Oricorio,Oricorio,オドリドリ,Odoridori,Choreogel,Plumeline,춤추새,Chumchusae,花舞鸟,花舞鳥,花舞鳥
Cutiefly,Cutiefly,Cutiefly,アブリー,Abuly,Wommel,Bombydou,에블리,Ebeulli,萌虻,萌虻,萌虻
Ribombee,Ribombee,Ribombee,アブリボン,Aburibbon,Bandelby,Rubombelle,에리본,Eribon,蝶结萌虻,蝶結萌虻,蝶結萌虻
Rockruff,Rockruff,Rockruff,イワンコ,Iwanko,Wuffels,Rocabot,암멍이,Ammeongi,岩狗狗,岩狗狗,岩狗狗
Lycanroc,Lycanroc,Lycanroc,ルガルガン,Lugarugan,Wolwerock,Lougaroc,루가루암,Rugaruam,鬃岩狼人,鬃岩狼人,鬃岩狼人
Wishiwashi,Wishiwashi,Wishiwashi,ヨワシ,Yowashi,Lusardin,Froussardine,약어리,Yageori,弱丁鱼,弱丁魚,弱丁魚
Mareanie,Mareanie,Mareanie,ヒドイデ,Hidoide,Garstella,Vorastérie,시마사리,Simasari,好坏星,好壞星,好壞星
Toxapex,Toxapex,Toxapex,ドヒドイデ,Dohidoide,Aggrostella,Prédastérie,더시마사리,Deosimasari,超坏星,超壞星,超壞星
Mudbray,Mudbray,Mudbray,ドロバンコ,Dorobanko,Pampuli,Tiboudet,머드나기,Meodeunagi,泥驴仔,泥驢仔,泥驢仔
Mudsdale,Mudsdale,Mudsdale,バンバドロ,Banbadoro,Pampross,Bourrinos,만마드,Manmadeu,重泥挽马,重泥挽馬,重泥挽馬
Dewpider,Dewpider,Dewpider,シズクモ,Shizukumo,Araqua,Araqua,물거미,Mulgeomi,滴蛛,滴蛛,滴蛛
Araquanid,Araquanid,Araquanid,オニシズクモ,Onishizukumo,Aranestro,Tarenbulle,깨비물거미,Kkaebimulgeomi,滴蛛霸,滴蛛霸,滴蛛霸
Fomantis,Fomantis,Fomantis,カリキリ,Karikiri,Imantis,Mimantis,짜랑랑,Jjarangnang,伪螳草,偽螳草,偽螳草
Lurantis,Lurantis,Lurantis,ラランテス,Lalantes,Mantidea,Floramantis,라란티스,Rarantiseu,兰螳花,蘭螳花,蘭螳花
Morelull,Morelull,Morelull,ネマシュ,Nemasyu,Bubungus,Spododo,자마슈,Jamasyu,睡睡菇,睡睡菇,睡睡菇
Shiinotic,Shiinotic,Shiinotic,マシェード,Mashade,Lamellux,Lampignon,마셰이드,Masyeideu,灯罩夜菇,燈罩夜菇,燈罩夜菇
Salandit,Salandit,Salandit,ヤトウモリ,Yatoumori,Molunk,Tritox,야도뇽,Yadonyong,夜盗火蜥,夜盜火蜥,夜盜火蜥
Salazzle,Salazzle,Salazzle,エンニュート,Ennewt,Amfira,Malamandre,염뉴트,Yeomnyuteu,焰后蜥,焰后蜥,焰后蜥
Stufful,Stufful,Stufful,ヌイコグマ,Nuikoguma,Velursi,Nounourson,포곰곰,Pogomgom,童偶熊,童偶熊,童偶熊
Bewear,Bewear,Bewear,キテルグマ,Kiteruguma,Kosturso,Chelours,이븐곰,Ibeungom,穿着熊,穿著熊,穿著熊
Bounsweet,Bounsweet,Bounsweet,アマカジ,Amakaji,Frubberl,Croquine,달콤아,Dalkoma,甜竹竹,甜竹竹,甜竹竹
Steenee,Steenee,Steenee,アママイコ,Amamaiko,Frubaila,Candine,달무리나,Dalmurina,甜舞妮,甜舞妮,甜舞妮
Tsareena,Tsareena,Tsareena,アマージョ,Amajo,Fruyal,Sucreine,달코퀸,Dalkokwin,甜冷美后,甜冷美后,甜冷美后
Comfey,Comfey,Comfey,キュワワー,Cuwawa,Curelei,Guérilande,큐아링,Kyuaring,花疗环环,花療環環,花療環環
Oranguru,Oranguru,Oranguru,ヤレユータン,Yareyuutan,Kommandutan,Gouroutan,하랑우탄,Harang-utan,智挥猩,智揮猩,智揮猩
Passimian,Passimian,Passimian,ナゲツケサル,Nagetukesaru,Quartermak,Quartermac,내던숭이,Naedeonsung-i,投掷猴,投擲猴,投擲猴
Wimpod,Wimpod,Wimpod,コソクムシ,Kosokumushi,Reißlaus,Sovkipou,꼬시레,Kkosire,胆小虫,膽小蟲,膽小蟲
Golisopod,Golisopod,Golisopod,グソクムシャ,Gusokumusha,Tectass,Sarmuraï,갑주무사,Gapjumusa,具甲武者,具甲武者,具甲武者
Sandygast,Sandygast,Sandygast,スナバァ,Sunaba,Sankabuh,Bacabouh,모래꿍,Moraekkung,沙丘娃,沙丘娃,沙丘娃
Palossand,Palossand,Palossand,シロデスナ,Sirodethna,Colossand,Trépassable,모래성이당,Moraeseongidang,噬沙堡爷,噬沙堡爺,噬沙堡爺
Pyukumuku,Pyukumuku,Pyukumuku,ナマコブシ,Namakobushi,Gufa,Concombaffe,해무기,Haemugi,拳海参,拳海參,拳海參
Type: Null,Type: Null,Type: Null,タイプ：ヌル,Type: Null,Typ:Null,Type:0,타입:널,Taip:Neol,属性：空,屬性：空,屬性：空
Silvally,Silvally,Silvally,シルヴァディ,Silvady,Amigento,Silvallié,실버디,Silbeodi,银伴战兽,銀伴戰獸,銀伴戰獸
Minior,Minior,Minior,メテノ,Meteno,Meteno,Météno,메테노,Meteno,小陨星,小隕星,小隕星
Komala,Komala,Komala,ネッコアラ,Nekkoara,Koalelu,Dodoala,자말라,Jamalla,树枕尾熊,樹枕尾熊,樹枕尾熊
Turtonator,Turtonator,Turtonator,バクガメス,Bakugames,Tortunator,Boumata,폭거북스,Pokgeobukseu,爆焰龟兽,爆焰龜獸,爆焰龜獸
Togedemaru,Togedemaru,Togedemaru,トゲデマル,Togedemaru,Togedemaru,Togedemaru,토게데마루,Togedemaru,托戈德玛尔,托戈德瑪爾,托戈德瑪爾
Mimikyu,Mimikyu,Mimikyu,ミミッキュ,Mimikkyu,Mimigma,Mimiqui,따라큐,Ttarakyu,谜拟丘,謎擬Ｑ,謎擬Ｑ
Bruxish,Bruxish,Bruxish,ハギギシリ,Hagigishiri,Knirfish,Denticrisse,치갈기,Chigalgi,磨牙彩皮鱼,磨牙彩皮魚,磨牙彩皮魚
Drampa,Drampa,Drampa,ジジーロン,Jijilong,Sen-Long,Draïeul,할비롱,Halbirong,老翁龙,老翁龍,老翁龍
Dhelmise,Dhelmise,Dhelmise,ダダリン,Dadarin,Moruda,Sinistrail,타타륜,Tataryun,破破舵轮,破破舵輪,破破舵輪
Jangmo-o,Jangmo-o,Jangmo-o,ジャラコ,Jyarako,Miniras,Bébécaille,짜랑꼬,Jjarangkko,心鳞宝,心鱗寶,心鱗寶
Hakamo-o,Hakamo-o,Hakamo-o,ジャランゴ,Jyarango,Mediras,Écaïd,짜랑고우,Jjaranggou,鳞甲龙,鱗甲龍,鱗甲龍
Kommo-o,Kommo-o,Kommo-o,ジャラランガ,Jyararanga,Grandiras,Ékaïser,짜랑고우거,Jjaranggougeo,杖尾鳞甲龙,杖尾鱗甲龍,杖尾鱗甲龍
Tapu Koko,Tapu Koko,Tapu Koko,カプ・コケコ,Kapu-Kokeko,Kapu-Riki,Tokorico,카푸꼬꼬꼭,Kapukkokkokkok,卡璞・鸣鸣,卡璞・鳴鳴,卡璞・鳴鳴
Tapu Lele,Tapu Lele,Tapu Lele,カプ・テテフ,Kapu-Tetefu,Kapu-Fala,Tokopiyon,카푸나비나,Kapunabina,卡璞・蝶蝶,卡璞・蝶蝶,卡璞・蝶蝶
Tapu Bulu,Tapu Bulu,Tapu Bulu,カプ・ブルル,Kapu-Bulul,Kapu-Toro,Tokotoro,카푸브루루,Kapubeururu,卡璞・哞哞,卡璞・哞哞,卡璞・哞哞
Tapu Fini,Tapu Fini,Tapu Fini,カプ・レヒレ,Kapu-Rehire,Kapu-Kime,Tokopisco,카푸느지느,Kapuneujineu,卡璞・鳍鳍,卡璞・鰭鰭,卡璞・鰭鰭
Cosmog,Cosmog,Cosmog,コスモッグ,Cosmog,Cosmog,Cosmog,코스모그,Koseumogeu,科斯莫古,科斯莫古,科斯莫古
Cosmoem,Cosmoem,Cosmoem,コスモウム,Cosmovum,Cosmovum,Cosmovum,코스모움,Koseumoum,科斯莫姆,科斯莫姆,科斯莫姆
Solgaleo,Solgaleo,Solgaleo,ソルガレオ,Solgaleo,Solgaleo,Solgaleo,솔가레오,Solgareo,索尔迦雷欧,索爾迦雷歐,索爾迦雷歐
Lunala,Lunala,Lunala,ルナアーラ,Lunala,Lunala,Lunala,루나아라,Runaara,露奈雅拉,露奈雅拉,露奈雅拉
Nihilego,Nihilego,Nihilego,ウツロイド,Uturoid,Anego,Zéroïd,텅비드,Teongbideu,虚吾伊德,虛吾伊德,虛吾伊德
Buzzwole,Buzzwole,Buzzwole,マッシブーン,Massivoon,Masskito,Mouscoto,매시붕,Maesibung,爆肌蚊,爆肌蚊,爆肌蚊
Pheromosa,Pheromosa,Pheromosa,フェローチェ,Pheroache,Schabelle,Cancrelove,페로코체,Perokoche,费洛美螂,費洛美螂,費洛美螂
Xurkitree,Xurkitree,Xurkitree,デンジュモク,Denjyumoku,Voltriant,Câblifère,전수목,Jeonsumok,电束木,電束木,電束木
Celesteela,Celesteela,Celesteela,テッカグヤ,Tekkaguya,Kaguron,Bamboiselle,철화구야,Cheolhwaguya,铁火辉夜,鐵火輝夜,鐵火輝夜
Kartana,Kartana,Kartana,カミツルギ,Kamiturugi,Katagami,Katagami,종이신도,Jong-isindo,纸御剑,紙御劍,紙御劍
Guzzlord,Guzzlord,Guzzlord,アクジキング,Akuziking,Schlingking,Engloutyran,악식킹,Aksikking,恶食大王,惡食大王,惡食大王
Necrozma,Necrozma,Necrozma,ネクロズマ,Necrozma,Necrozma,Necrozma,네크로즈마,Nekeurojeuma,奈克洛兹玛,奈克洛茲瑪,奈克洛茲瑪
Magearna,Magearna,Magearna,マギアナ,Magearna,Magearna,Magearna,마기아나,Magiana,玛机雅娜,瑪機雅娜,瑪機雅娜
Marshadow,Marshadow,Marshadow,マーシャドー,Marshadow,Marshadow,Marshadow,마샤도,Masyado,玛夏多,瑪夏多,瑪夏多
Poipole,Poipole,Poipole,ベベノム,Bevenom,Venicro,Vémini,베베놈,Bebenom,毒贝比,毒貝比,毒貝比
Naganadel,Naganadel,Naganadel,アーゴヨン,Agoyon,Agoyon,Mandrillon,아고용,Agoyong,四颚针龙,四顎針龍,四顎針龍
Stakataka,Stakataka,Stakataka,ツンデツンデ,Tundetunde,Muramura,Ama-Ama,차곡차곡,Chagokchagok,垒磊石,壘磊石,壘磊石
Blacephalon,Blacephalon,Blacephalon,ズガドーン,Zugadoon,Kopplosio,Pierroteknik,두파팡,Dupapang,砰头小丑,砰頭小丑,砰頭小丑
Zeraora,Zeraora,Zeraora,ゼラオラ,Zeraora,Zeraora,Zeraora,제라오라,Jeraora,捷拉奥拉,捷拉奧拉,捷拉奧拉
Meltan,Meltan,Meltan,メルタン,Meltan,Meltan,Meltan,멜탄,Meltan,美录坦,美錄坦,美錄坦
Melmetal,Melmetal,Melmetal,メルメタル,Melmetal,Melmetal,Melmetal,멜메탈,Melmetal,美录梅塔,美錄梅塔,美錄梅塔
Grookey,Grookey,Grookey,サルノリ,Sarunori,Chimpep,Ouistempo,흥나숭,Heungnasung,敲音猴,敲音猴,敲音猴
Thwackey,Thwackey,Thwackey,バチンキー,Bachinkey,Chimstix,Badabouin,채키몽,Chaekimong,啪咚猴,啪咚猴,啪咚猴
Rillaboom,Rillaboom,Rillaboom,ゴリランダー,Gorirander,Gortrom,Gorythmic,고릴타,Gorilta,轰擂金刚猩,轟擂金剛猩,轟擂金剛猩
Scorbunny,Scorbunny,Scorbunny,ヒバニー,Hibanny,Hopplo,Flambino,염버니,Yeombeoni,炎兔儿,炎兔兒,炎兔兒
Raboot,Raboot,Raboot,ラビフット,Rabbifuto,Kickerlo,Lapyro,래비풋,Raebiput,腾蹴小将,騰蹴小將,騰蹴小將
Cinderace,Cinderace,Cinderace,エースバーン,Aceburn,Liberlo,Pyrobut,에이스번,Eiseubeon,闪焰王牌,閃焰王牌,閃焰王牌
Sobble,Sobble,Sobble,メッソン,Messon,Memmeon,Larméléon,울머기,Ulmeogi,泪眼蜥,淚眼蜥,淚眼蜥
Drizzile,Drizzile,Drizzile,ジメレオン,Jimereon,Phlegleon,Arrozard,누겔레온,Nugelle-on,变涩蜥,變澀蜥,變澀蜥
Inteleon,Inteleon,Inteleon,インテレオン,Intereon,Intelleon,Lézargus,인텔리레온,Intellire-on,千面避役,千面避役,千面避役
Skwovet,Skwovet,Skwovet,ホシガリス,Hoshigarisu,Raffel,Rongourmand,탐리스,Tamriseu,贪心栗鼠,貪心栗鼠,貪心栗鼠
Greedent,Greedent,Greedent,ヨクバリス,Yokubarisu,Schlaraffel,Rongrigou,요씽리스,Yossingriseu,藏饱栗鼠,藏飽栗鼠,藏飽栗鼠
Rookidee,Rookidee,Rookidee,ココガラ,Kokogara,Meikro,Minisange,파라꼬,Parakko,稚山雀,稚山雀,稚山雀
Corvisquire,Corvisquire,Corvisquire,アオガラス,Aogarasu,Kranoviz,Bleuseille,파크로우,Pakeurou,蓝鸦,藍鴉,藍鴉
Corviknight,Corviknight,Corviknight,アーマーガア,Armorga,Krarmor,Corvaillus,아머까오,Ameokkao,钢铠鸦,鋼鎧鴉,鋼鎧鴉
Blipbug,Blipbug,Blipbug,サッチムシ,Sacchimushi,Sensect,Larvadar,두루지벌레,Dulujibeolle,索侦虫,索偵蟲,索偵蟲
Dottler,Dottler,Dottler,レドームシ,Redomushi,Keradar,Coléodôme,레돔벌레,Redombeolle,天罩虫,天罩蟲,天罩蟲
Orbeetle,Orbeetle,Orbeetle,イオルブ,Eolb,Maritellit,Astronelle,이올브,Iolbeu,以欧路普,以歐路普,以歐路普
Nickit,Nickit,Nickit,クスネ,Kusune,Kleptifux,Goupilou,훔처우,Humcheou,狡小狐,偷兒狐,偷兒狐
Thievul,Thievul,Thievul,フォクスライ,Foxly,Gaunux,Roublenard,폭슬라이,Pokseullai,猾大狐,狐大盜,狐大盜
Gossifleur,Gossifleur,Gossifleur,ヒメンカ,Himenka,Cottini,Tournicoton,꼬모카,Kkomoka,幼棉棉,幼棉棉,幼棉棉
Eldegoss,Eldegoss,Eldegoss,ワタシラガ,Watashiraga,Cottomi,Blancoton,백솜모카,Baeksommoka,白蓬蓬,白蓬蓬,白蓬蓬
Wooloo,Wooloo,Wooloo,ウールー,Wooluu,Wolly,Moumouton,우르,Ureu,毛辫羊,毛辮羊,毛辮羊
Dubwool,Dubwool,Dubwool,バイウールー,Baiwooluu,Zwollock,Moumouflon,배우르,Bae-ureu,毛毛角羊,毛毛角羊,毛毛角羊
Chewtle,Chewtle,Chewtle,カムカメ,Kamukame,Kamehaps,Khélocrok,깨물부기,Kkaemulbugi,咬咬龟,咬咬龜,咬咬龜
Drednaw,Drednaw,Drednaw,カジリガメ,Kajirigame,Kamalm,Torgamord,갈가부기,Galgabugi,暴噬龟,暴噬龜,暴噬龜
Yamper,Yamper,Yamper,ワンパチ,Wanpachi,Voldi,Voltoutou,멍파치,Meongpachi,来电汪,來電汪,來電汪
Boltund,Boltund,Boltund,パルスワン,Pulsewan,Bellektro,Fulgudog,펄스멍,Peolseumeong,逐电犬,逐電犬,逐電犬
Rolycoly,Rolycoly,Rolycoly,タンドン,Tandon,Klonkett,Charbi,탄동,Tandong,小炭仔,小炭仔,小炭仔
Carkol,Carkol,Carkol,トロッゴン,Toroggon,Wagong,Wagomine,탄차곤,Tanchagon,大炭车,大炭車,大炭車
Coalossal,Coalossal,Coalossal,セキタンザン,Sekitanzan,Montecarbo,Monthracite,석탄산,Seoktansan,巨炭山,巨炭山,巨炭山
Applin,Applin,Applin,カジッチュ,Kajicchu,Knapfel,Verpom,과사삭벌레,Gwasasakbeolle,啃果虫,啃果蟲,啃果蟲
Flapple,Flapple,Flapple,アップリュー,Appryu,Drapfel,Pomdrapi,애프룡,Aepeuryong,苹裹龙,蘋裹龍,蘋裹龍
Appletun,Appletun,Appletun,タルップル,Tarupple,Schlapfel,Dratatin,단지래플,Danjiraepeul,丰蜜龙,豐蜜龍,豐蜜龍
Silicobra,Silicobra,Silicobra,スナヘビ,Sunahebi,Salanga,Dunaja,모래뱀,Moraebaem,沙包蛇,沙包蛇,沙包蛇
Sandaconda,Sandaconda,Sandaconda,サダイジャ,Sadaija,Sanaconda,Dunaconda,사다이사,Sadaisa,沙螺蟒,沙螺蟒,沙螺蟒
Cramorant,Cramorant,Cramorant,ウッウ,Uu,Urgl,Nigosier,윽우지,Euguji,古月鸟,古月鳥,古月鳥
Arrokuda,Arrokuda,Arrokuda,サシカマス,Sasikamasu,Pikuda,Embrochet,찌로꼬치,Jjirokkochi,刺梭鱼,刺梭魚,刺梭魚
Barraskewda,Barraskewda,Barraskewda,カマスジョー,Kamasujaw,Barrakiefa,Hastacuda,꼬치조,Kkochijo,戽斗尖梭,戽斗尖梭,戽斗尖梭
Toxel,Toxel,Toxel,エレズン,Eleson,Toxel,Toxizap,일레즌,Illejeun,电音婴,毒電嬰,毒電嬰
Toxtricity,Toxtricity,Toxtricity,ストリンダー,Strinder,Riffex,Salarsen,스트린더,Seuteurindeo,颤弦蝾螈,顫弦蠑螈,顫弦蠑螈
Sizzlipede,Sizzlipede,Sizzlipede,ヤクデ,Yakude,Thermopod,Grillepattes,태우지네,Tae-ujine,烧火蚣,燒火蚣,燒火蚣
Centiskorch,Centiskorch,Centiskorch,マルヤクデ,Maruyakude,Infernopod,Scolocendre,다태우지네,Datae-ujine,焚焰蚣,焚焰蚣,焚焰蚣
Clobbopus,Clobbopus,Clobbopus,タタッコ,Tatakko,Klopptopus,Poulpaf,때때무노,Ttaettaemuno,拳拳蛸,拳拳蛸,拳拳蛸
Grapploct,Grapploct,Grapploct,オトスパス,Otosupus,Kaocto,Krakos,케오퍼스,Ke-opeosu,八爪武师,八爪武師,八爪武師
Sinistea,Sinistea,Sinistea,ヤバチャ,Yabacha,Fatalitee,Théffroi,데인차,Deincha,来悲茶,來悲茶,來悲茶
Polteageist,Polteageist,Polteageist,ポットデス,Potdeath,Mortipot,Polthégeist,포트데스,Poteudeseu,怖思壶,怖思壺,怖思壺
Hatenna,Hatenna,Hatenna,ミブリム,Mibrim,Brimova,Bibichut,몸지브림,Momjibeurim,迷布莉姆,迷布莉姆,迷布莉姆
Hattrem,Hattrem,Hattrem,テブリム,Tebrim,Brimano,Chapotus,손지브림,Sonjibeurim,提布莉姆,提布莉姆,提布莉姆
Hatterene,Hatterene,Hatterene,ブリムオン,Brimuon,Silembrim,Sorcilence,브리무음,Beurimueum,布莉姆温,布莉姆溫,布莉姆溫
Impidimp,Impidimp,Impidimp,ベロバー,Beroba,Bähmon,Grimalin,메롱꿍,Melongkkung,捣蛋小妖,搗蛋小妖,搗蛋小妖
Morgrem,Morgrem,Morgrem,ギモー,Gimoh,Pelzebub,Fourbelin,쏘겨모,Ssogyeomo,诈唬魔,詐唬魔,詐唬魔
Grimmsnarl,Grimmsnarl,Grimmsnarl,オーロンゲ,Ohlonge,Olangaar,Angoliath,오롱털,Orongteol,长毛巨魔,長毛巨魔,長毛巨魔
Obstagoon,Obstagoon,Obstagoon,タチフサグマ,Tachifusaguma,Barrikadax,Ixon,가로막구리,Garomakguri,堵拦熊,堵攔熊,堵攔熊
Perrserker,Perrserker,Perrserker,ニャイキング,Nyaiking,Mauzinger,Berserkatt,나이킹,Naiking,喵头目,喵頭目,喵頭目
Cursola,Cursola,Cursola,サニゴーン,Sunigoon,Gorgasonn,Corayôme,산호르곤,Sanhoreugon,魔灵珊瑚,魔靈珊瑚,魔靈珊瑚
Sirfetch'd,Sirfetch'd,Sirfetch'd,ネギガナイト,Negigaknight,Lauchzelot,Palarticho,창파나이트,Changpanaiteu,葱游兵,蔥遊兵,蔥遊兵
Mr. Rime,Mr. Rime,Mr. Rime,バリコオル,Barrikohru,Pantifrost,M. Glaquette,마임꽁꽁,Maimkkongkkong,踏冰人偶,踏冰人偶,踏冰人偶
Runerigus,Runerigus,Runerigus,デスバーン,Deathbarn,Oghnatoll,Tutétékri,데스판,Deseupan,迭失板,死神板,死神板
Milcery,Milcery,Milcery,マホミル,Mahomil,Hokumil,Crèmy,마빌크,Mabilkeu,小仙奶,小仙奶,小仙奶
Alcremie,Alcremie,Alcremie,マホイップ,Mawhip,Pokusan,Charmilly,마휘핑,Mahwiping,霜奶仙,霜奶仙,霜奶仙
Falinks,Falinks,Falinks,タイレーツ,Tairetsu,Legios,Hexadron,대여르,Daeyeoreu,列阵兵,列陣兵,列陣兵
Pincurchin,Pincurchin,Pincurchin,バチンウニ,Bachinuni,Britzigel,Wattapik,찌르성게,Jjireuseongge,啪嚓海胆,啪嚓海膽,啪嚓海膽
Snom,Snom,Snom,ユキハミ,Yukihami,Snomnom,Frissonille,누니머기,Nunimeogi,雪吞虫,雪吞蟲,雪吞蟲
Frosmoth,Frosmoth,Frosmoth,モスノウ,Mothnow,Mottineva,Beldeneige,모스노우,Moseunou,雪绒蛾,雪絨蛾,雪絨蛾
Stonjourner,Stonjourner,Stonjourner,イシヘンジン,Ishihengin,Humanolith,Dolman,돌헨진,Dolhenjin,巨石丁,巨石丁,巨石丁
Eiscue,Eiscue,Eiscue,コオリッポ,Korippo,Kubuin,Bekaglaçon,빙큐보,Bingkyubo,冰砌鹅,冰砌鵝,冰砌鵝
Indeedee,Indeedee,Indeedee,イエッサン,Yessan,Servol,Wimessir,에써르,Esseoreu,爱管侍,愛管侍,愛管侍
Morpeko,Morpeko,Morpeko,モルペコ,Morpeko,Morpeko,Morpeko,모르페코,Moreupeko,莫鲁贝可,莫魯貝可,莫魯貝可
Cufant,Cufant,Cufant,ゾウドウ,Zoudou,Kupfanti,Charibari,끼리동,Kkiridong,铜象,銅象,銅象
Copperajah,Copperajah,Copperajah,ダイオウドウ,Daioudou,Patinaraja,Pachyradjah,대왕끼리동,Daewangkkiridong,大王铜象,大王銅象,大王銅象
Dracozolt,Dracozolt,Dracozolt,パッチラゴン,Patchiragon,Lectragon,Galvagon,파치래곤,Pachiraegon,雷鸟龙,雷鳥龍,雷鳥龍
Arctozolt,Arctozolt,Arctozolt,パッチルドン,Patchilldon,Lecryodon,Galvagla,파치르돈,Pachireudon,雷鸟海兽,雷鳥海獸,雷鳥海獸
Dracovish,Dracovish,Dracovish,ウオノラゴン,Uonoragon,Pescragon,Hydragon,어래곤,Eoraegon,鳃鱼龙,鰓魚龍,鰓魚龍
Arctovish,Arctovish,Arctovish,ウオチルドン,Uochilldon,Pescryodon,Hydragla,어치르돈,Eochireudon,鳃鱼海兽,鰓魚海獸,鰓魚海獸
Duraludon,Duraludon,Duraludon,ジュラルドン,Duraludon,Duraludon,Duralugon,두랄루돈,Duralludon,铝钢龙,鋁鋼龍,鋁鋼龍
Dreepy,Dreepy,Dreepy,ドラメシヤ,Dorameshiya,Grolldra,Fantyrm,드라꼰,Deurakkon,多龙梅西亚,多龍梅西亞,多龍梅西亞
Drakloak,Drakloak,Drakloak,ドロンチ,Doronch,Phandra,Dispareptil,드래런치,Deuraereonchi,多龙奇,多龍奇,多龍奇
Dragapult,Dragapult,Dragapult,ドラパルト,Dorapult,Katapuldra,Lanssorien,드래펄트,Deuraepeolteu,多龙巴鲁托,多龍巴魯托,多龍巴魯托
Zacian,Zacian,Zacian,ザシアン,Zacian,Zacian,Zacian,자시안,Jasian,苍响,蒼響,蒼響
Zamazenta,Zamazenta,Zamazenta,ザマゼンタ,Zamazenta,Zamazenta,Zamazenta,자마젠타,Jamajenta,藏玛然特,藏瑪然特,藏瑪然特
Eternatus,Eternatus,Eternatus,ムゲンダイナ,Mugendina,Endynalos,Éthernatos,무한다이노,Muhandaino,无极汰那,無極汰那,無極汰那
Kubfu,Kubfu,Kubfu,ダクマ,Dakuma,Dakuma,Wushours,치고마,Chigoma,熊徒弟,熊徒弟,熊徒弟
Urshifu,Urshifu,Urshifu,ウーラオス,Wulaosu,Wulaosu,Shifours,우라오스,Uraoseu,武道熊师,武道熊師,武道熊師
Zarude,Zarude,Zarude,ザルード,Zarude,Zarude,Zarude,자루도,Jarudo,萨戮德,薩戮德,薩戮德
Regieleki,Regieleki,Regieleki,レジエレキ,Regieleki,Regieleki,Regieleki,레지에레키,Rejiereki,雷吉艾勒奇,雷吉艾勒奇,雷吉艾勒奇
Regidrago,Regidrago,Regidrago,レジドラゴ,Regidorago,Regidrago,Regidrago,레지드래고,Rejideuraego,雷吉铎拉戈,雷吉鐸拉戈,雷吉鐸拉戈
Glastrier,Glastrier,Glastrier,ブリザポス,Blizzapos,Polaross,Blizzeval,블리자포스,Beullijaposeu,雪暴马,雪暴馬,雪暴馬
Spectrier,Spectrier,Spectrier,レイスポス,Wraithpos,Phantoross,Spectreval,레이스포스,Reiseuposeu,灵幽马,靈幽馬,靈幽馬
Calyrex,Calyrex,Calyrex,バドレックス,Budrex,Coronospa,Sylveroy,버드렉스,Beodeurekseu,蕾冠王,蕾冠王,蕾冠王
Wyrdeer,Wyrdeer,Wyrdeer,アヤシシ,Ayashishi,Damythir,Cerbyllin,신비록,Sinbirok,诡角鹿,詭角鹿,詭角鹿
Kleavor,Kleavor,Kleavor,バサギリ,Basagiri,Axantor,Hachécateur,사마자르,Samajareu,劈斧螳螂,劈斧螳螂,劈斧螳螂
Ursaluna,Ursaluna,Ursaluna,ガチグマ,Gachiguma,Ursaluna,Ursaking,다투곰,Datugom,月月熊,月月熊,月月熊
Basculegion,Basculegion,Basculegion,イダイトウ,Idaitou,Salmagnis,Paragruel,대쓰여너,Daesseuyeoneo,幽尾玄鱼,幽尾玄魚,幽尾玄魚
Sneasler,Sneasler,Sneasler,オオニューラ,Ōnyūra,Snieboss,Farfurex,포푸니크,Popunikeu,大狃拉,大狃拉,大狃拉
Overqwil,Overqwil,Overqwil,ハリーマン,Harīman,Myriador,Qwilpik,장침바루,Jangchimbaru,万针鱼,萬針魚,萬針魚
Enamorus,Enamorus,Enamorus,ラブトロス,Rabutorosu,Cupidos,Amovénus,러브로스,Reobeuroseu,眷恋云,眷戀雲,眷戀雲
Sprigatito,Sprigatito,Sprigatito,ニャオハ,Nyahoja,Felori,Poussacha,나오하,Naoha,新叶喵,新葉喵,新葉喵
Fuecoco,Fuecoco,Fuecoco,ホゲータ,Hogator,Krokel,Chochodile,뜨아거,Tteuageo,呆火鳄,呆火鱷,呆火鱷
Quaxly,Quaxly,Quaxly,クワッス,Kuwassu,Kwaks,Coiffeton,꾸왁스,Kkuwakseu,润水鸭,潤水鴨,潤水鴨
